String 1,String 2,Start Phrase
,,
ಆ ಸ್ಥಳವು ಶುಚಿಯಾಗಿದೆ,ಆ ಸ್ಥಳವು ಶುಚಿಯಾಗಿಲ್ಲ,      ಆ ಸ್ಥಳವು (ಆಸ್ಪತ್ರೆ/ಮೀನಿನ ಮಾರುಕಟ್ಟೆ) ರೀತಿ ಶುಚಿಯಾಗಿದೆ.
ಆ ಪ್ರದೇಶ ಹಿಂಸೆಯಿಂದ ಕೂಡಿದೆ,ಆ ಪ್ರದೇಶ ಹಿಂಸೆಯಿಂದ ಕೂಡಿಲ್ಲ,      ಆ ಪ್ರದೇಶ (ಯುದ್ಧ ಭೂಮಿ/ದೇವಸ್ಥಾನ ) ದಷ್ಟು ಹಿಂಸೆಯಿಂದ ಕೂಡಿದೆ.
ಅವರ ಬಾಂಧವ್ಯ ಗಟ್ಟಿ ಇದೆ ,ಅವರ ಬಾಂಧವ್ಯ ಗಟ್ಟಿ ಇಲ್ಲ,ಅವರ ಬಾಂಧವ್ಯ (ಸ್ನೇಹಿತರು/ಶತ್ರುಗಳು)ಹಾಗೆ ಗಟ್ಟಿಯಿದೆ.
ಆ ಜಾಗವು ನಿಶಬ್ದವಾಗಿದೆ ,ಆ ಜಾಗವು ನಿಶಬ್ದವಾಗಿಲ್ಲ,      ಆ ಜಾಗವು (ದೇವಸ್ಥಾನ/ಟ್ರಾಫಿಕ್ ಜಾಮ್ ) ನಷ್ಟು ನಿಶ್ಯಬ್ದವಾಗಿದೆ.
ಅವನು ದುರ್ಬಲನಾಗಿದ್ದಾನೆ ,ಅವನು ದುರ್ಬಲನಾಗಿಲ್ಲ,ಅವನು (ವೃದ್ಧ/ಯುವಕ) ನಷ್ಟು ದುರ್ಬಲನಿದ್ದಾನೆ
ಅವನು ಬಲಿಷ್ಠನಿದ್ದಾನೆ ,ಅವನು ಬಲಿಷ್ಠನಿಲ್ಲ,    ಅವನು (ಯುವಕ/ವೃದ್ಧ) ನಷ್ಟು ಬಲಿಷ್ಠನಿದ್ದಾನೆ.
ಅದು ಕೆಂಪು ಬಣ್ಣ ಹೊಂದಿದೆ,ಅದು ಕೆಂಪು ಬಣ್ಣ ಹೊಂದಿಲ್ಲ,     ಅದು (ರಕ್ತದಂತೆ/ನೀರಿನಂತೆ) ಕೆಂಪು ಬಣ್ಣ ಹೊಂದಿದೆ.
ಅದರ ವೇಗ ತುಂಬಾ ನಿಧಾನ ,ಅದರ ವೇಗ ನಿಧಾನವಾಗಿಲ್ಲ,     ಅದರ ವೇಗ (ಆಮೆ/ಮೊಲ) ದಷ್ಟು ನಿಧಾನವಾಗಿದೆ.
ಆ ವಸ್ತು ಹಳೆಯದು ,ಆ ವಸ್ತು ಹೊಸದಾಗಿದೆ,      ಆ ವಸ್ತು (ಟೆಲಿಫೋನ್/ಮೊಬೈಲ್)ನಷ್ಟು ಹಳೆಯದು.
ಈ ಆಹಾರವು ಪೌಷ್ಟಿಕತೆಯಿಂದ ಕೂಡಿದೆ ,ಈ ಆಹಾರವು ಪೌಷ್ಟಿಕತೆಯಿಂದ ಕೂಡಿಲ್ಲ,    ಆಹಾರವು (ರಾಗಿ/ಮ್ಯಾಗಿ ) ಯಂತೆ ಪೌಷ್ಟಿಕತೆ ಹೊಂದಿದೆ.
ಆ ಪ್ರದೇಶ ತುಂಬಾ ವಿಶಾಲವಾಗಿದೆ ,ಆ ಪ್ರದೇಶ ತುಂಬಾ ವಿಶಾಲವಾಗಿಲ್ಲ,   ಆ ಪ್ರದೇಶ (ಆಟದ ಮೈದಾನ/ಕ್ಲಾಸ್ ರೂಮ್) ನಂತೆ ವಿಶಾಲವಾಗಿದೆ.
ಆಟಗಾರರ ಪ್ರದರ್ಶನ ಚೆನ್ನಾಗಿತ್ತು , ಆಟಗಾರರ ಪ್ರದರ್ಶನ ಚೆನ್ನಾಗಿರಲಿಲ್ಲ ,   ಆಟಗಾರರ ಪ್ರದರ್ಶನ  (ಚಾಂಪಿಯನ್/ಸೋತವರು) ರಂತೆ ಇತ್ತು.
ಆ ವಸ್ತುವಿನ ಗಾತ್ರ ದೊಡ್ಡದು ,ಆ ವಸ್ತುವಿನ ಗಾತ್ರ ಸಣ್ಣದು ,           ಅದು (ಫುಟ್ಬಾಲ್/ಗಾಲ್ಫ್ ಬಾಲ್) ನಷ್ಟು ಗಾತ್ರ ಹೊಂದಿದೆ.
ಅವನು ಪ್ರಭಾವಶಾಲಿ,ಅವನು ಪ್ರಭಾವಶಾಲಿ ಅಲ್ಲ , ಅವನು (ರಾಜ/ಸೇವಕ) ನಷ್ಟು ಪ್ರಭಾವಶಾಲಿ.
ಅವನು ಶ್ರೀಮಂತ ,ಅವನು ಶ್ರೀಮಂತನಲ್ಲ ,     ಅವನು (ವ್ಯಾಪಾರಿ/ರೈತ ) ಹಾಗೆ ಶ್ರೀಮಂತ.
ಆ ವಸ್ತುವಿನ ಗಾತ್ರ ಸಣ್ಣದು ,ಆ ವಸ್ತುವಿನ ಗಾತ್ರ ದೊಡ್ಡದು , ಆ ವಸ್ತು (ಹುಳು/ಪಕ್ಷಿ ) ಥರ ಸಣ್ಣದಿದೆ
ಆ ಹವ್ಯಾಸ ಕೆಟ್ಟದ್ದು, ಆ ಹವ್ಯಾಸ ಒಳ್ಳೆಯದು , ಆ ಹವ್ಯಾಸ (ಧೂಮಪಾನ/ಧ್ಯಾನ ) ದಂತೆ ಕೆಟ್ಟದ್ದು.    
ಆ ಪ್ರಾಣಿ ಹಳೆಯದು ,ಆ ಪ್ರಾಣಿ ಹಳೆಯದೇನಲ್ಲ , ಆ ಪ್ರಾಣಿ (ಡೈನೋಸರ್/ಆನೆ ) ಯಷ್ಟು ಹಳೆಯದು.
ಉಸಿರಾಡಲು ಆಕ್ಸಿಜನ್ ತುಂಬಾ ಅಗತ್ಯ ,ಉಸಿರಾಡಲು ಆಕ್ಸಿಜನ್ ತುಂಬಾ ಅಗತ್ಯವೇನಲ್ಲ ,     ಉಸಿರಾಡಲು (ಆಕ್ಸಿಜನ್ /ಕಾರ್ಬನ್ ಡೈಆಕ್ಸೈಡ್ ) ನಂತೆ ಅಗತ್ಯವಾಗಿದೆ. 
ಆ ಸ್ಥಳ ತಲುಪಲು ಕಡಿಮೆ ಸಮಯ ಬೇಕು, ಆ ಸ್ಥಳ ತಲುಪಲು ಹೆಚ್ಚು ಸಮಯ ಬೇಕು,   ಆ ಸ್ಥಳ ತಲುಪಲು (ಕಾರ್/ಸೈಕಲ್ )ನಷ್ಟು ಸಮಯ ತೆಗೆದುಕೊಳ್ಳುತ್ತದೆ.
ಆಹಾರವು ತುಂಬಾ ವಿಶೇಷವಾಗಿತ್ತು ,ಆಹಾರವು ಸಾಮಾನ್ಯವಾಗಿತ್ತು, ಆಹಾರವು (ಹಬ್ಬದ ಊಟ /ಬ್ರೇಕ್ ಫಾಸ್ಟ್ )ನಷ್ಟು ವಿಶೇಷವಾಗಿತ್ತು .
ಅದರ ಬೆಲೆ ದುಬಾರಿ , ಅದರ ಬೆಲೆ ಅಗ್ಗ ,   ಅದರ ಬೆಲೆ  (ವಿಮಾನದ ಟಿಕೆಟ್/ಸಿನಿಮಾ ಟಿಕೆಟ್ ) ನಷ್ಟು ದುಬಾರಿ.
ಅವನ ನಂಬಿಕೆ ಬಲಿಷ್ಟವಾಗಿದೆ ,ಅವನ ನಂಬಿಕೆ ಬಲಿಷ್ಟವಾಗಿಲ್ಲ, ಅವನ ನಂಬಿಕೆಗಳು (ಬಂಡೆಯಂತೆ /ಗಾಜಿನಂತೆ) ಬಲಿಷ್ಠವಾಗಿವೆ.
ಅದು ತುಂಬಾ ಸುಲಭ ,ಅದು ಕಷ್ಟ,  ಅದು (ಓದುವಷ್ಟು /ಕೋಡಿಂಗ್ ನಂತೆ  ) ಸುಲಭ.
ಅವನು ಸಾಂಪ್ರದಾಯಿಕ ಉಡುಗೆ ಧರಿಸಿದ್ದಾನೆ,ಅವನು ಸಾಂಪ್ರದಾಯಿಕ ಉಡುಗೆ ಧರಿಸಿಲ್ಲ, ಅವನು ಸಾಂಪ್ರದಾಯಿಕ ಉಡುಗೆ ( ಪಂಚೆ/ಸೂಟ್ ) ಧರಿಸಿದ್ದಾನೆ.
ಆ ವಿಷಯ ಲಾಜಿಕ್ ಹೊಂದಿದೆ ,ಆ ವಿಷಯ ಲಾಜಿಕ್ ಹೊಂದಿಲ್ಲ,      ಆ ವಿಷಯವು (ವಿಜ್ಞಾನದಷ್ಟು /ಮ್ಯಾಜಿಕ್  ನಷ್ಟು) ಲಾಜಿಕ್ ಹೊಂದಿದೆ.
ಅವಳು ನಮ್ಮ ಸಂಸ್ಕೃತಿಯನ್ನು ಬಿಂಬಿಸುತ್ತಿದ್ದಳು ,ಅವಳು ನಮ್ಮ ಸಂಸ್ಕೃತಿಯನ್ನು ಬಿಂಬಿಸುತ್ತಿರಲಿಲ್ಲ,     ಅವಳು ನಮ್ಮ ಸಂಸ್ಕೃತಿ ಬಿಂಬಿಸುವೆ (ಸೀರೆ/ಸ್ಕರ್ಟ್ ) ಧರಿಸಿದ್ದಳು .
ಅವನು ಪ್ರಭಾವಶಾಲಿ ,ಅವನು ಸಾಮಾನ್ಯ,    ಅವನು(ರಾಜಕಾರಣಿಗಳಷ್ಟು /ನಾಗರಿಕರಷ್ಟು) ಪ್ರಭಾವಶಾಲಿ.
ಮರುಭೂಮಿಯಲ್ಲಿ ನೀರು ತುಂಬಾ ವಿರಳ ,ಮರುಭೂಮಿಯಲ್ಲಿ ನೀರು ಹೇರಳ ,    ಮರುಭೂಮಿಯಲ್ಲಿ (ನೀರಿನಂತೆ/ಮರಳಿನಂತೆ) ವಿರಳವಾಗಿದೆ.
ಶಿಖರದಲ್ಲಿ ಹಿಮಪಾತ ಹೆಚ್ಚು,ಶಿಖರದಲ್ಲಿ ಹಿಮಪಾತ ಕಡಿಮೆ,     ಶಿಖರದಲ್ಲಿ (ಹಿಮಪಾತದಂತೆ/ಮಣ್ಣಿನಂತೆ) ಯಥೇಚ್ಛವಾಗಿದೆ.
ಆ ಸ್ಥಳವು ಹಸಿರಾಗಿದೆ,ಆ ಸ್ಥಳವು ಹಸಿರಾಗಿಲ್ಲ,   ಆ ಸ್ಥಳವು (ಕಾಡಿನಂತೆ/ನಗರದಂತೆ) ಹಸಿರಾಗಿದೆ .
ಅರಬ್ ದೇಶಗಳು ಪೆಟ್ರೋಲಿಯಂನಿಂದ ಶ್ರೀಮಂತವಾಗಿವೆ,ಅರಬ್ ದೇಶಗಳು ಪೆಟ್ರೋಲಿಯಂನಿಂದ ಶ್ರೀಮಂತವಾಗಿಲ್ಲ,    ಅರಬ್ ದೇಶಗಳಲ್ಲಿ (ಪೆಟ್ರೋಲಿಯಂ ನಿಂದ /ನೀರಿನಿಂದ )  ಶ್ರೀಮಂತಿಕೆ ಹೊಂದಿವೆ.
ಆಹಾರದಲ್ಲಿ ಫೈಬರ್ಸ್ ಆರೋಗ್ಯಕರ,ಆಹಾರದಲ್ಲಿ ಫೈಬರ್ಸ್ ಆರೋಗ್ಯಕರವಲ್ಲ,     ಆಹಾರದಲ್ಲಿ (ಫೈಬರ್ /ಕಾರ್ಬ್ಸ್)ನಂತೆ ಆರೋಗ್ಯಕರ.
ಆಕಾಶವು ಹೆಚ್ಚು ಮೋಡದಿಂದ ಕೂಡಿದೆ,ಆಕಾಶವು ಕಡಿಮೆ ಮೋಡದಿಂದ ಕೂಡಿದೆ,     ಆಕಾಶವು (ಮಳೆಗಾಲ ದಂತೆ/ಬೇಸಿಗೆಯಂತೆ) ಮೋಡದಿಂದ ಕೂಡಿದೆ .
ಆ ಜಾಗ ಸುಂದರವಾಗಿದೆ ,ಆ ಜಾಗ ಸುಂದರವಾಗಿಲ್ಲ,    ಆ ಜಾಗವು (ತಾಜ್ ಮಹಲ್/ಸರ್ಕಾರಿ ಆಫೀಸ್ ) ನಂತೆ ಸುಂದರವಾಗಿದೆ.
ಅದು ಕಹಿಯಾಗಿತ್ತು ,ಅದು ಸಿಹಿಯಾಗಿತ್ತು ,    ಅದು (ಬೇವಿಗಿಂತಲೂ /ಬೆಲ್ಲಕಿಂತಲೂ) ಕಹಿಯಾಗಿದೆ
ಆ ಜಾಗ ದೂರದಲ್ಲಿದೆ ,ಆ ಜಾಗ ಹತ್ತಿರದಲ್ಲಿದೆ,     ಆ ಜಾಗವೂ (ಚಂದ್ರನಷ್ಟು/ ಚಿತ್ರಮಂದಿರ ದಷ್ಟು) ದೂರದಲ್ಲಿದೆ
ಆ ವಿಷಯ ಬೇಸರ ತರಿಸಿತ್ತು ,ಆ ವಿಷಯ ಸಂತಸ ಮೂಡಿಸಿತ್ತು ,   ಆ ವಿಷಯವು (ವಿಶ್ವಕಪ್ ಸೋಲಿನಂತೆ /ವಿಶ್ವಕಪ್ ಗೆಲುವಿನ ಹಾಗೆ )ಬೇಸರ ತರಿಸಿತ್ತು
ಆ ಸಂಗತಿ ಮುಖ್ಯವಾಗಿದೆ ,ಆ ಸಂಗತಿ ಮುಖ್ಯವಾಗಿಲ್ಲ,     ಆ ಸಂಗತಿ (ಶಿಕ್ಷಣ/ ಪ್ರಯಾಣ)ದಷ್ಟು ಮುಖ್ಯವಾಗಿದೆ
ಆ ಅಪ್ಲಿಕೇಶನ್ ಹೆಚ್ಚು ಬಳಕೆದಾರರನ್ನು ಹೊಂದಿದೆ ,ಆ ಅಪ್ಲಿಕೇಶನ್ ಕಡಿಮೆ ಬಳಕೆದಾರರನ್ನು ಹೊಂದಿದೆ ,    ಆ ಅಪ್ಲಿಕೇಶನ್ ( ಜಿಮೇಲ್ ನಷ್ಟು/ ಆರ್ಕುಟ್ ನಷ್ಟು )ಬಳಕೆದಾರರನ್ನು ಹೊಂದಿದೆ
ಆಹಾರದಲ್ಲಿ ಹೆಚ್ಚು ಪ್ರೋಟೀನ್ ಅಂಶವಿದೆ ,ಆಹಾರದಲ್ಲಿ ಕಡಿಮೆ ಪ್ರೋಟೀನ್ ಅಂಶವಿದೆ,   ಈ ಆಹಾರವು (ಮೊಟ್ಟೆ/  ಅಕ್ಕಿ )ಯಷ್ಟು ಪ್ರೊಟೀನ್ ಅಂಶ ಹೊಂದಿದೆ
ಅದು ತರಕಾರಿಯಷ್ಟು ಉತ್ತಮ ,ಅದು ತರಕಾರಿಯಷ್ಟು ಉತ್ತಮವಿಲ್ಲ,    ಅದು (ತರಕಾರಿ ಯಷ್ಟು /ಜಂಕ್ ಫುಡ್ ನಷ್ಟು) ಉತ್ತಮ
ಡ್ರೈ ಫ್ರೂಟ್ಸ್ ದುಬಾರಿ ,ಡ್ರೈಫ್ರೂಟ್ಸ್ ನಂತೆ ದುಬಾರಿ ಅಲ್ಲ,   ಅದು (ಡ್ರೈ ಫ್ರೂಟ್ಸ್ ನಂತೆ/ ತರಕಾರಿಯಷ್ಟು) ದುಬಾರಿ
ಆ ವಿಷಯ ವೈಜ್ಞಾನಿಕವಾಗಿತ್ತು ,ಆ ವಿಷಯ ವೈಜ್ಞಾನಿಕವಾಗಿಲ್ಲ ,   ಆ ವಿಷಯವು (ಸೂರ್ಯಗ್ರಹಣ /ಜಾದೂ ವಿನಷ್ಟು )ವೈಜ್ಞಾನಿಕವಾಗಿತ್ತು
ಅವರು ಶ್ರೀಮಂತರು , ಅವರು ಶ್ರೀಮಂತರೇನಲ್ಲ,   ಅವರು (ಅಂಬಾನಿಯಂತೆ /ಸಾಮಾನ್ಯ ಜನರಂತೆ )ಶ್ರೀಮಂತರು
ಆ ದೃಶ್ಯ ಅದ್ಭುತವಾಗಿತ್ತು,ಆ ದೃಶ್ಯ ಅದ್ಭುತವಾಗಿರಲಿಲ್ಲ,   ಆ ದೃಶ್ಯವೂ( ಜಲಪಾತದಂತೆ /ಟ್ರಾಫಿಕ್ ಜಾಮ್ ನಂತೆ) ಅದ್ಬುತವಾಗಿತ್ತು
ಆ ಸ್ಥಳವು ನಿಶಬ್ದವಾಗಿದೆ ,ಆ ಸ್ಥಳವು ನಿಶಬ್ದವಾಗಿಲ್ಲ,   ಆ ಸ್ಥಳವು( ಲೈಬ್ರರಿಯ ಹಾಗೆ/ ಬಸ್ ಸ್ಟೇಷನ್ ನ ಹಾಗೆ) ನಿಶ್ಶಬ್ದವಾಗಿದೆ.
ಅದು  ಬಹಳ ಅಪರೂಪ ,ಅದು  ಬಹಳ  ಅಪರೂಪವೇನಲ್ಲ,  ಅದು (ಕಾಮೆಟ್ ನಂತೆ/ ನಕ್ಷತ್ರ ಗಳಂತೆ) ಬಹಳ ಅಪರೂಪ
ಆ ಪರೀಕ್ಷೆ ಹೆಚ್ಚು ಕಷ್ಟ,ಆ ಪರೀಕ್ಷೆ ಹೆಚ್ಚು ಕಷ್ಟವೇನಲ್ಲ,   ಆ ಪರೀಕ್ಷೆ (ಯುಪಿಎಸ್ಸಿ/ ಐಬಿಪಿಸ್ ನಂತೆ) ಕಷ್ಟಕರ
ಅದನ್ನು ಅರ್ಥ ಮಾಡಿಕೊಳ್ಳುವುದು ಕಷ್ಟ,ಅದನ್ನು ಅರ್ಥ ಮಾಡಿಕೊಳ್ಳುವುದು ಸುಲಭ,   ಅದನ್ನು ಅರ್ಥಮಾಡಿಕೊಳ್ಳುವುದು( ಫಾರ್ಮುಲಾ / ಪದ್ಯ )ದಷ್ಟು ಜಟಿಲವಾಗಿದೆ
ಅದು ಓವಲ್ ಆಕಾರ ಹೊಂದಿದೆ ,ಅದು ಓವಲ್ ಆಕಾರ ಹೊಂದಿಲ್ಲ,  ಅದು (ಮೊಟ್ಟೆಯಂತೆ /ಉಂಗುರದಂತೆ) ಓವಲ್ ಆಕಾರ ಹೊಂದಿದೆ
ಅವರು ಜನಪ್ರಿಯರು ,ಅವರು ಜನಪ್ರಿಯರಲ್ಲ,   ಅವರು (ಕಲಾವಿದ ರಂತೆ/ ವಕೀಲ ರಂತೆ) ಜನಪ್ರಿಯರು
ಆ ಆಟ ಪ್ರಸಿದ್ಧ,ಆ ಆಟ ಪ್ರಸಿದ್ಧವಲ್ಲ, ಆ ಆಟವು (ಫುಟ್ಬಾಲ್  ನಷ್ಟು /ಹಾಕಿ ಯಷ್ಟು) ಪ್ರಸಿದ್ದವಾಗಿದೆ
ಆ ಸಂಭ್ರಮವು ಮಜವಾಗಿತ್ತು,ಆ ಸಂಭ್ರಮವು ಮಜವಾಗಿರಲಿಲ್ಲ,  ಆ ಸಂಭ್ರಮವು (ಗೆಲುವಿನಂತೆ/ ಸೋಲಿನಂತೆ) ಮಜವಾಗಿತ್ತು
ಆ ಘಟನೆ ಭಯಾನಕವಾಗಿತ್ತು ,ಆ ಘಟನೆ ಭಯಾನಕವಾಗಿರಲಿಲ್ಲ,  ಘಟನೆಯು (ಯುದ್ಧದಂತೆ/ ಶಾಂತಿಯಂತೆ) ಭಯಾನಕವಾಗಿತ್ತು
ಆ ಕಟ್ಟಡ ಸುಸಜ್ಜಿತವಾಗಿತ್ತು ,ಆ ಕಟ್ಟಡ ಸುಸಜ್ಜಿತವಾಗಿರಲಿಲ್ಲ,  ಆ ಕಟ್ಟಡವು (ಅರಮನೆಯಂತೆ /ಸರ್ಕಾರಿ ಕಚೇರಿಯಂತೆ) ಸುಸಜ್ಜಿತವಾಗಿತ್ತು
ಆ ವಸ್ತು ಪ್ರತಿಬಿಂಬವಾಗಿತ್ತು , ಆ ವಸ್ತು ಪ್ರತಿಬಿಂಬವಾಗಿರಲಿಲ್ಲ,  ಆ ವಸ್ತು (ಕನ್ನಡಿಯ ಹಾಗೆ /ಗೋಡೆಯ ಹಾಗೆ ) ಪ್ರತಿಬಿಂಬವಾಗಿತ್ತು
ಆ ಪ್ರತಿಮೆ ಎತ್ತರವಾಗಿತ್ತು ,ಆ ಪ್ರತಿಮೆ ಎತ್ತರವಾಗಿರಲಿಲ್ಲ,   ಆ ಪ್ರತಿಮೆಯು (ಏಕತೆಯ ಪ್ರತಿಮೆಯಷ್ಟು/ ದ್ವಜಸ್ತಂಬದಷ್ಟು) ಎತ್ತರವಾಗಿತ್ತು
ಅದು ಹಣ ಉಳಿಸುವಷ್ಟು ಉತ್ತಮ ,ಅದು ಹಣ ಉಳಿಸುವಷ್ಟು ಉತ್ತಮವಲ್ಲ, ಅದು ಹಣ (ಉಳಿಸುವಷ್ಟು/ ಖರ್ಚು ಮಾಡುವಷ್ಟು) ಉತ್ತಮವಾಗಿದೆ
ಆ ಸದ್ದು ಇಂಪಾಗಿದೆ ,ಆ ಸದ್ದು ಇಂಪಾಗಿಲ್ಲ, ಆ ಸದ್ದು (ಸಂಗೀತದಂತೆ /ಪಟಾಕಿಯಂತೆ )ಇಂಪಾಗಿದೆ
ಆ ಸಿನಿಮಾ ಭಯ ಮೂಡಿಸಿತ್ತು ,ಆ ಸಿನಿಮಾ ಭಯ ಮೂಡಿಸಲಿಲ್ಲ, ಆ ಸಿನಿಮಾ (ಹಾರರ್ /ಕಾಮಿಡಿ )ಚಿತ್ರದಷ್ಟು ಭಯ ಮೂಡಿಸಿತ್ತು
ಆ ವಿಷಯ ಸುಲಭ,ಆ ವಿಷಯ ಕಷ್ಟ,  ಆ ವಿಷಯವೂ (ಮ್ಯಾಗಿ/ ಬಿರಿಯಾನಿ )ತಯಾರಿಸುವಷ್ಟು ಸುಲಭ
ಅದು ತುಂಬಾ ವೇಗ ,ಅದು ನಿಧಾನ,      ಅದು (100 ಮೀಟರ್/ ಮ್ಯಾರಥಾನ್ ಓಟದಷ್ಟು) ವೇಗವಾಗಿದೆ
ಅವನು ಬೇಗ ಏಳುತ್ತಾನೆ ,ಅವನು ಬೇಗ ಏಳುವುದಿಲ್ಲ,     ಅವನು (ಸೂರ್ಯೋದಯ ದಂತೆ /ಮಧ್ಯಾಹ್ನದಂತೆ) ಬೇಗ  ಏಳುತ್ತಾನೆ
ಆ ಸಂಗತಿ ಖುಷಿ ತರಿಸುತ್ತದೆ ,ಆ ಸಂಗತಿ ಖುಷಿ  ತರಿಸುವುದಿಲ್ಲ,     ಆ ಸಂಗತಿ ( ಜಾಬ್ ಆಫರ್/ ಜಾಬ್ ಲೇಆಫ್ ) ನಷ್ಟು ಖುಷಿ ತರಿಸುತ್ತದೆ
ಅದು ಆಸಕ್ತಿದಾಯಕವಾಗಿತ್ತು ,ಅದು ಆಸಕ್ತಿದಾಯಕವಾಗಿರಲಿಲ್ಲ,  ಅದು (ಮ್ಯಾಜಿಕ್ ಶೋ ನಷ್ಟು /ಆನ್ಲೈನ್ ಕ್ಲಾಸ್ ನಷ್ಟು) ಆಸಕ್ತಿದಾಯಕವಾಗಿತ್ತು
ಅವರು ಹೆಚ್ಚು ಜ್ಞಾನ ಹೊಂದಿದ್ದಾರೆ ,ಅವರು ಹೆಚ್ಚು ಜ್ಞಾನ ಹೊಂದಿಲ್ಲ,   ಅವರು( ಪಂಡಿತರಷ್ಟು/ ಪದವೀಧರರಷ್ಟು) ಜ್ಞಾನವುಳ್ಳವರಾಗಿದ್ದಾರೆ
ನದಿಯು ತುಂಬಾ ದೂರ ಹರಿಯುತ್ತದೆ ,ನದಿ ಕಡಿಮೆ ದೂರ ಹರಿಯುತ್ತದೆ,    ಆ ನದಿಯು( ನೈಲ್ ನಂತೆ/ ಕಾವೇರಿಯಂತೆ) ಉದ್ದ ಹರಿಯುವುದಿಲ್ಲ
ಅದು ಡ್ಯಾಮ್ ನಷ್ಟು ದೊಡ್ಡದಾಗಿದೆ,ಅದು ಡ್ಯಾಮ್ ನಷ್ಟು ದೊಡ್ಡದಲ್ಲ,     ಅದು (ಡ್ಯಾಮ್ ನಷ್ಟು /ಕೆರೆ ಯಷ್ಟು) ದೊಡ್ಡದಾಗಿದೆ
ಆ ವಸ್ತು ಬಿಸಿಯಾಗಿದೆ ,ಆ ವಸ್ತು ತಣ್ಣಗಿದೆ,     ಆ ವಸ್ತು (ಬೆಂಕಿ ಯಷ್ಟು/ ನೀರಿನಷ್ಟು) ಬಿಸಿಯಾಗಿದೆ
ಅದು ಮಜವಾಗಿದೆ ,ಅದು ಮಜಾವಾಗಿಲ್ಲ,   ಅದು (ಪಾರ್ಟಿಯಷ್ಟು/ ಪರೀಕ್ಷೆ ಯಷ್ಟು) ಮಜವಾಗಿದೆ
ಆ ಜೀವಿಯ ಗಾತ್ರ ಚಿಕ್ಕದು,ಆ ಜೀವಿಯ ಗಾತ್ರ ದೊಡ್ಡದು,   ಆ ಜೀವಿಯು (ಇರುವೆ ಯಷ್ಟು/ ಬೆಕ್ಕಿನಷ್ಟು) ಚಿಕ್ಕದಾಗಿದೆ
ಆ ವಸ್ತು ಹರಿತವಿದೆ, ಆ ವಸ್ತು ಅರಿತವಾಗಿಲ್ಲ,    ಆ ವಸ್ತು (ಚಾಕುವಿನಂತೆ /ಪೆನ್ಸಿಲ್ ನಂತೆ )ಹರಿತವಾಗಿದೆ
ಅದು ಅಕ್ರಮ, ಅದು ಅಕ್ರಮವಲ್ಲ,   ಅದು (ಮೋಸ ಮಾಡುವಂತೆ /ಪ್ರೀತಿ ತೋರಿಸುವಂತೆ) ಅಕ್ರಮವಾಗಿದೆ
ಆ ವಸ್ತು ಸೂಕ್ಷ್ಮವಾಗಿದೆ ,ಆ ವಸ್ತು ಸೂಕ್ಷ್ಮವಾಗಿಲ್ಲ,   ಆ ವಸ್ತು( ಗಾಜಿನಂತೆ/ ಕಲ್ಲಿನಂತೆ )ಸೂಕ್ಷ್ಮವಾಗಿದೆ
ಆ ಘಟನೆ ಭಯಾನಕವಾಗಿತ್ತು,ಆ ಘಟನೆ ಭಯಾನಕವಾಗಿರಲಿಲ್ಲ,   ಆ ಘಟನೆಯು  (ಆಕ್ಸಿಡೆಂಟ್ ನಷ್ಟು /ಡಾನ್ಸ್ ಶೋನಷ್ಟು ) ಭಯಾನಕವಾಗಿತ್ತು
ಆ ಕಟ್ಟಡವು ಐತಿಹಾಸಿಕವಾಗಿದೆ,ಆ ಕಟ್ಟಡವು ಐತಿಹಾಸಿಕವಾಗಿಲ್ಲ,   ಆ ಕಟ್ಟಡವು( ಅರಮನೆ ಯಂತೆ/ ಶಾಪಿಂಗ್ ಮಾಲ್ ನಂತೆ) ಐತಿಹಾಸಿಕವಾಗಿದೆ
ಅವನು  ಅಜೇಯ,ಅವನು  ಅಜೇಯನಲ್ಲ,   ಅವನು (ಅರ್ಜುನನಂತೆ/ ರಾವಣನಂತೆ )ಅಜೇಯ ನಾಗಿದ್ದಾನೆ
ಅದು ಸಾಮಾನ್ಯ ,ಅದು ಸಾಮಾನ್ಯವಲ್ಲ, ಅದು (ಚಿನ್ನದಂತೆ /  ಕೊಹಿನೂರ್ ವಜ್ರದಂತೆ )ಸಾಮಾನ್ಯವಾಗಿದೆ.
ಅವನು ಕುತೂಹಲ ಭರಿತನಾಗಿದ್ದನು ,ಅವನು ಕುತೂಹಲ ಭರಿತನಾಗಿರಲಿಲ್ಲ,   ಅವನು (ವಿಜ್ಞಾನಿಯಷ್ಟು/ ಚಾಲಕನಷ್ಟು )ಕುತೂಹಲ ಭರಿತನಾಗಿದ್ದನು
ಅವರು ಕ್ರೂರಿ  ,ಅವರು ಕ್ರೂರಿಯಲ್ಲ,   ಅವರು( ಕ್ರಿಮಿನಲ್ ನಂತೆ/ ಸನ್ಯಾಸಿಯಂತೆ) ಕ್ರೂರಿ ಆಗಿದ್ದರು
ಅದರ ಸದ್ದು ಜೋರಾಗಿತ್ತು ,ಅದರ ಸದ್ದು ಜೋರಾಗಿರಲಿಲ್ಲ, ಅದರ ಸದ್ದು (ಸಿಡಿಲಿನಂತೆ/ ಸಂಗೀತದಂತೆ )ಜೋರಾಗಿತ್ತು
ಅದು ಐತಿಹಾಸಿಕ ನಗರ,ಅದು ಐತಿಹಾಸಿಕ ನಗರವಲ್ಲ,  ಅದು (ದ್ವಾರಕೆಯಂತೆ/ ಬೆಂಗಳೂರಿನಂತೆ) ಐತಿಹಾಸಿಕ ನಗರ
ಆ ವಸ್ತು ಭಾರವಿಲ್ಲ ,ಆ ವಸ್ತು ಭಾರವಿದೆ,  ಆ ವಸ್ತು (ಹತ್ತಿಯಂತೆ/ ಕಲ್ಲಿನಂತೆ) ನಿರ್ಭಾರವಾಗಿದೆ
ಅಂದು ಕತ್ತಲಾಗಿತ್ತು ,ಅಂದು ಕತ್ತಲಾಗಿರಲಿಲ್ಲ,ಅಂದು (ರಾತ್ರಿಯಷ್ಟು/ ಬೆಳಗ್ಗೆ ಯಷ್ಟು) ಕತ್ತಲಾಗಿತ್ತು
ಅವರ ಜ್ಞಾನ ಆಳವಾಗಿದೆ ,ಅವರ ಜ್ಞಾನ ಆಳವಾಗಿಲ್ಲ,  ಅವರ (ಜ್ಞಾನ ಸಮುದ್ರದಷ್ಟು /ಸ್ವಿಮ್ಮಿಂಗ್ ಪೂಲ್ ನಷ್ಟು) ಆಳವಾಗಿದೆ
ಪ್ರಯಾಣದರ ಹಗ್ಗವಾಗಿತ್ತು ,ಪ್ರಯಾಣದರ ದುಬಾರಿ ಯಾಗಿತ್ತು, ಪ್ರಯಾಣ ದರವು (ಕ್ಯಾಬ್ ರೈಡ್ ನಷ್ಟು /ಫ್ಲೈಟ್ ಟಿಕೆಟ್ ನಷ್ಟು )ಮಿತವ್ಯಯವಾಗಿತ್ತು
ರಬ್ಬರ್ ಬ್ಯಾಂಡ್ ಹೆಚ್ಚು ಎಲಾಸ್ಟಿಕ್ ಹೊಂದಿದೆ,ರಬ್ಬರ್ ಬ್ಯಾಂಡ್ ಹೆಚ್ಚು ಎಲಾಸ್ಟಿಕ್ ಹೊಂದಿಲ್ಲ, ರಬ್ಬರ್ ಬ್ಯಾಂಡ್ (ಸ್ಪ್ರಿಂಗ್ ನಂತೆ/  ದಾರದಂತೆ )ಎಲಾಸ್ಟಿಕ್ ಹೊಂದಿದೆ.
ಈ ಕೆಲಸ ಗೊಂದಲಮಯವಾಗಿದೆ ,ಈ ಕೆಲಸ ಗೊಂದಲವಾಗಿಲ್ಲ,  ಈ ಕೆಲಸವು (ಕೋಡಿಂಗ್ ನಂತೆ /ಟೈಪಿಂಗ್ ನಂತೆ) ಗೊಂದಲವಾಗಿದೆ
ಕತ್ತಲು ಗಾಢವಾಗಿತ್ತು ,ಕತ್ತಲು ಗಾಢವಾಗಿರಲಿಲ್ಲ, ರಾತ್ರಿಯ ಕತ್ತಲು( ಅಮಾವಾಸ್ಯೆಯಂತೆ /ಹುಣ್ಣಿಮೆಯಂತೆ )ಗಾಢವಾಗಿತ್ತು
ಬೆಂಗಳೂರು ಕಡಿಮೆ ಮಾಲಿನ್ಯ ಹೊಂದಿದೆ,ಬೆಂಗಳೂರು ಕಡಿಮೆ ಮಾಲಿನ್ಯ ಹೊಂದಿಲ್ಲ,  ಬೆಂಗಳೂರು( ದ್ವೀಪದಂತೆ /ನಗರದಂತೆ) ಕಡಿಮೆ ಮಾಲಿನ್ಯ ಹೊಂದಿದೆ
ಆ ಗ್ರಹವು ವಾಸಿಸಲು ಯೋಗ್ಯ,ಆ ಗ್ರಹವು ವಾಸಿಸಲು ಯೋಗ್ಯವಲ್ಲ, ಆ ಗ್ರಹವು( ಭೂಮಿಯಂತೆ /ಶುಕ್ರ ಗ್ರಹದಂತೆ )ವಾಸಿಸಬಹುದಾಗಿದೆ
ನಮ್ಮ ಹೊಲದ ಮಣ್ಣು ಫಲವತ್ತಾಗಿದೆ, ನಮ್ಮ ಹೊಲದ ಮಣ್ಣು ಫಲವತ್ತಾಗಿಲ್ಲ,   ನಮ್ಮ ಹೊಲದ ಮಣ್ಣು( ಕಪ್ಪು ಮಣ್ಣಿನಂತೆ /ಮರುಭೂಮಿಯಂತೆ) ಫಲವತ್ತಾಗಿದೆ
ನೀ ತಯಾರಿಸಿದ ಆಹಾರ ಆರೋಗ್ಯಕರವಾಗಿದೆ ,ನೀ ತಯಾರಿಸಿದ ಆಹಾರ ಆರೋಗ್ಯಕರವಿಲ್ಲ,ನೀ ತಯಾರಿಸಿದ ಆಹಾರವು (ಮನೆಯಲ್ಲಿ ಮಾಡಿದ ಆಹಾರದಂತೆ /ಹೋಟೆಲ್ ಆಹಾರದಂತೆ )ಆರೋಗ್ಯಕರವಾಗಿದೆ
ಕಲ್ಲಂಗಡಿ ಆಕಾರ ದುಂಡಾಗಿದೆ ,ಕಲ್ಲಂಗಡಿ ಆಕಾರ ದುಂಡಾಗಿಲ್ಲ ,  ಕಲ್ಲಂಗಡಿಯ ಆಕಾರ (ನಿಂಬೆ ಹಣ್ಣಿನಂತೆ/ ಬಾಳೆಹಣ್ಣಿನಂತೆ) ದುಂಡಾಗಿದೆ
ಆ ಕೆಲಸವು ಕಷ್ಟ ,ಆ ಕೆಲಸವು ಸುಲಭ, ಈ ಕೆಲಸವು (ಪರ್ವತ ಏರಿದಷ್ಟು ರಸ್ತೆಯಲ್ಲಿ ನಡೆದಷ್ಟು) ಕಷ್ಟವಾಗಿದೆ
ಆ ವಸ್ತು ಫ್ಲೆಕ್ಸಿಬಲ್ ಆಗಿದೆ ,ಆ ವಸ್ತು ಫ್ಲೆಕ್ಸಿಬಲ್ ಇಲ್ಲ, ಈ ವಸ್ತುವೂ( ರಬ್ಬರ್ನಂತೆ / ಕಲ್ಲಿನಂತೆ) ಫ್ಲೆಕ್ಸಿಬಲ್ ಗುಣ ಹೊಂದಿದೆ
ಈ ಪ್ರದೇಶದಲ್ಲಿ ಹೆಚ್ಚು ಜನ ಇದ್ದಾರೆ ,ಈ ಪ್ರದೇಶದಲ್ಲಿ ಕಡಿಮೆ  ಜನ ಇದ್ದಾರೆ ,  ಈ ಪ್ರದೇಶವು( ಮಾರ್ಕೆಟ್ನಂತೆ/ ಗ್ರಂಥಾಲಯದಂತೆ )ಜನನಿ ಬಿಡವಾಗಿದೆ
ಆ ಆಟದ ಅವಧಿ ಹೆಚ್ಚು ,ಆಟದ ಅವಧಿ ಕಡಿಮೆ,   ಆಟದ ಅವಧಿಯು (ಕ್ರಿಕೆಟ್ನಂತೆ /ಫುಟ್ಬಾಲ್ ನಂತೆ) ದೀರ್ಘವಾಗಿದೆ
ಹೊಸ ಬಟ್ಟೆ ಮೃದುವಾಗಿದೆ,ಹೊಸ ಬಟ್ಟೆ ಮೃದುವಾಗಿಲ್ಲ,  ನನ್ನ ಹೊಸ ಬಟ್ಟೆಯೂ (ವುಲನ್ ನಂತೆ/ ಕಲ್ಲಿನಂತೆ) ಮೃದುವಾಗಿದೆ
ನಿಂಬೆಹಣ್ಣು ಉಳಿಯಾಗಿದೆ ,ನಿಂಬೆಹಣ್ಣು ಉಳಿಯಾಗಿಲ್ಲ, ನಿಂಬೆಹಣ್ಣು (ಹುಣಸೇ ಹಣ್ಣಿನಂತೆ /ಸೇಬಿನಂತೆ) ಹುಳಿಯಾಗಿದೆ
ನನ್ನ ತಮ್ಮ ಡ್ಯಾನ್ಸ್ ಮಾಡುತ್ತಾನೆ ,ನನ್ನ ತಮ್ಮ ಡಾನ್ಸ್ ಮಾಡುವುದಿಲ್ಲ,ನನ್ನ ತಮ್ಮ (ಮೈಕಲ್ ಜಾಕ್ಸನ್ /ಮಿಸ್ಟರ್ ಬೀನ್ ನಂತೆ )ಡ್ಯಾನ್ಸ್ ಮಾಡುತ್ತಾನೆ
ಅವನ ದೃಷ್ಟಿ ತೀಕ್ಷ್ಣವಾಗಿದೆ,ಅವನ ದೃಷ್ಟಿ ತೀಕ್ಷ್ಣವಾಗಿಲ್ಲ ,   ಅವನು (ಹದ್ದಿನಂತೆ/ಕಾಗೆಯಂತೆ) ತೀಕ್ಷ್ಣವಾದ ದೃಷ್ಟಿ ಹೊಂದಿದ್ದಾನೆ
ಆ ಪ್ರಾಣಿಯು ಕನ್ನಿಂಗ್ ಗುಣ ಹೊಂದಿದೆ,ಆ ಪ್ರಾಣಿಯು ಕನ್ನಿಂಗ್ ಗುಣ ಹೊಂದಿಲ್ಲ,  ಆ ಪ್ರಾಣಿಯು (ನರಿಯಂತೆ/ನಾಯಿಯಂತೆ) ಕನ್ನಿಂಗ್ ಗುಣ ಹೊಂದಿದೆ
ನನ್ನ ಮುದ್ದಿನ ಬೆಕ್ಕು ಪ್ರಾಮಾಣಿಕವಾಗಿದೆ ,ನನ್ನ ಮುದ್ದಿನ ಬೆಕ್ಕು ಪ್ರಾಮಾಣಿಕವಾಗಿಲ್ಲ ,  ನನ್ನ ಮುದ್ದಿನ ಬೆಕ್ಕು (ನಾಯಿಯಂತೆ /ನರಿಯಂತೆ) ಪ್ರಾಮಾಣಿಕವಾಗಿದೆ
ಅವನು ಧೈರ್ಯಶಾಲಿ,ಅವನು ಧೈರ್ಯಶಾಲಿ,  ಅವನು (ಸಿಂಹದಂತೆ/ನರಿಯಂತೆ) ಧೈರ್ಯಶಾಲಿಯಾಗಿದ್ದಾನೆ
ಆ ಪ್ರಾಣಿ ಶಕ್ತಿಶಾಲಿ ,ಆ ಪ್ರಾಣಿ ಶಕ್ತಿಶಾಲಿ ,  ಆ ಪ್ರಾಣಿಯು (ಎತ್ತಿನಂತೆ/ಜಿಂಕೆಯಂತೆ) ಶಕ್ತಿಶಾಲಿಯಾಗಿದೆ
ಅವನು ರಾತ್ರಿ ಇಡೀ ಎಚ್ಚರವಿರುತ್ತಾನೆ,ಅವನು ಇಡೀ ರಾತ್ರಿ ಎಚ್ಚರವಿರುವುದಿಲ್ಲ, ಅವನು (ಗೂಬೆಯಂತೆ /ಗಿಣಿಯಂತೆ) ರಾತ್ರಿ ಇಡೀ ಎಚ್ಚರ ಇರುತ್ತಾನೆ
ಅವನು ಕೋಪದಲ್ಲಿ ಉರಿಯುತ್ತಿದ್ದ,ಅವನು ಶಾಂತಿಯಿಂದ ಇದ್ದನು, ಅವನು ಕೋಪದಲ್ಲಿ (ಜ್ವಾಲಾಮುಖಿಯಂತೆ /ಐಸ್ನಂತೆ) ಉರಿಯುತ್ತಿದ್ದ
ಅವಳು ಎತ್ತರ ಹಾರುತ್ತಾಳೆ,ಅವಳು ಎತ್ತರ ಹಾರುವುದಿಲ್ಲ,ಅವಳು (ಪಕ್ಷಿಯಂತೆ/ಪ್ರಾಣಿಯಂತೆ) ಬಹು ಎತ್ತರ ಹಾರುತ್ತಾಳೆ
: ಆ ಪ್ರಾಣಿಯ ಘರ್ಜಿಸುತ್ತದೆ ,ಆ ಪ್ರಾಣಿ ಘರ್ಜಿಸುವುದಿಲ್ಲ,ಈ ಪ್ರಾಣಿಯು (ಸಿಂಹದಂತೆ/ನಾಯಿ ಅಂತೆ) ಗರ್ಜಿಸುತ್ತದೆ
ದೋಸೆ ಪ್ರಸಿದ್ಧ ಉಪಹಾರ ,ದೋಸೆ ಪ್ರಸಿದ್ಧ ಉಪಹಾರವಲ್ಲ,  ದೋಸೆಯ (ಇಡ್ಲಿ ಅಷ್ಟೇ/ಸ್ಯಾಂಡ್ವಿಚ್ನಷ್ಟೇ) ಪ್ರಸಿದ್ಧ ಉಪಹಾರವಾಗಿದೆ
ಆ ಪ್ರದೇಶ ಹೆಚ್ಚು ನೀರು ಹಿಡಿಯಬಲ್ಲದು ,"ಆ ಪ್ರದೇಶ ಹೆಚ್ಚು ನೀರು ಹಿಡಿಯಲಾರದು,",   ಈ ಪ್ರದೇಶವು (ಡ್ಯಾಮ್ ನಂತೆ/ಥ್ಯಾಂಕ್ ನಂತೆ) ಜಾಸ್ತಿ ನೀರನ್ನು ಹಿಡಿಯಬಲ್ಲದು
ಸಮುದ್ರದಲ್ಲಿ ಹೆಚ್ಚು ಜೀವಿಗಳು ವಾಸಿಸುತ್ತವೆ ,ಸಮುದ್ರದಲ್ಲಿ ಕಡಿಮೆ ಜೀವಿಗಳು ವಾಸಿಸುತ್ತವೆ,  ಜೀವಿಗಳು (ಸಮುದ್ರದಲ್ಲಿ/ಬಾವಿಯಲ್ಲಿ) ಹೆಚ್ಚು ವಾಸಿಸುತ್ತವೆ.
ಆ ನೀರು ಉಪ್ಪಾಗಿದೆ ,ಆ ನೀರು ಉಪ್ಪಾಗಿಲ್ಲ,  ಆ ನೀರು (ಸಮುದ್ರದಂತೆ/ನಲ್ಲಿ ನೀರಿನಂತೆ) ಉಪ್ಪಾಗಿದೆ
ಆ ಹುಡುಗ ಹಾರುತ್ತಾನೆ,ಆ ಹುಡುಗ ಹಾರುವುದಿಲ್ಲ,  ಆ ಹುಡುಗನು (ಕೋತಿಯಂತೆ/ಆನೆಯಂತೆ) ಹಾರುತ್ತಾನೆ
ಗಾತ್ರದಲ್ಲಿ ದೊಡ್ಡದಾಗಿದೆ ,ಗಾತ್ರದಲ್ಲಿ ಸಣ್ಣದು,  ಗಾತ್ರದಲ್ಲಿ (ಆನೆಯಷ್ಟು/ಕೋತಿಯಷ್ಟು) ದೊಡ್ಡದಾಗಿದೆ
ಅವನು ತುಂಬಾ ವೇಗ ,ಅವನು ನಿಧಾನ,ಅವನು (ಕಂಪ್ಯೂಟರ್ನಂತೆ /ಕೈಲೆಕ್ಕದಂತೆ) ತುಂಬಾ ವೇಗ
ಆ ಜಾಗ ಎತ್ತರದಲ್ಲಿದೆ ,ಆ ಜಾಗ ಎತ್ತರದಲ್ಲಿಲ್ಲ,   ಆ ಜಾಗವು (ಫ್ಲೈ ಓವರ್ ನಂತೆ/ಸುರಂಗದಂತೆ) ಎತ್ತರವಾಗಿತ್ತು
ಈ ತಿನಿಸು ಗಟ್ಟಿಯಾಗಿದೆ ,ಈ ತಿನ್ನಿಸು ಗಟ್ಟಿ ಇಲ್ಲ,  ಈ ತಿನಿಸು (ಡೊನಟ್ ನಂತೆ/ಪ್ಯಾನ್ ಕೇಕ್ ನಂತೆ) ಗಟ್ಟಿಯಾಗಿತ್ತು
ಸೋಪ್ ನಷ್ಟು ನಯವಾಗಿತ್ತು,ಸೋಪ್ ನಷ್ಟು ನಯವಾಗಿಲ್ಲ,ಅದು (ಸೋಪ್ ನಂತೆ/ಸೀಗೆಕಾಯಿಯಂತೆ) ನಯವಾಗಿತ್ತು
ಆತನನ್ನು ನೋಡಿದಾಗ ಹೆಮ್ಮೆಯಾಗುತ್ತದೆ ,ಆತನನ್ನು ನೋಡಿದಾಗ ಹೆಮ್ಮೆ  ಆಗುವುದಿಲ್ಲ,ಆತನನ್ನು ಕಂಡಾಗ (ಸೈನಿಕನನ್ನು/ಉಗ್ರಗಾಮಿಯನ್ನು) ನೋಡಿದಷ್ಟು ಹೆಮ್ಮೆಯಾಗುತಿತ್ತು
ಆ ವಸ್ತು ತುಂಬಾ ಸೂಕ್ಷ್ಮ ,ಆ ವಸ್ತು ತುಂಬಾ ಗಟ್ಟಿ,  ಆ ವಸ್ತುವು (ಗಾಜಿನಂತೆ/ತಾಮ್ರದಂತೆ) ಸೂಕ್ಷ್ಮವಾಗಿತ್ತು
ಖಾದ್ಯವು ಶುಚಿಯಾಗಿತ್ತು,ಖಾದ್ಯವು ಶುಚಿಯಾಗಿಲ್ಲ, ಆ ಖಾದ್ಯವು (ಮನೆಯಲ್ಲಿ ಮಾಡಿರುವ/ರಸ್ತೆ ಬದಿಯ) ತಿಂಡಿಯಂತೆ ಶುಚಿಯಾಗಿತ್ತು
ಅಡುಗೆ ಆರೋಗ್ಯಕರವಾಗಿತ್ತು ,ಅಡುಗೆಯ ಅನಾರೋಗ್ಯಕರವಾಗಿತ್ತು,  ಆ ಅಡುಗೆಯು (ಸೇಬಿನಂತೆ /ಪಾಸ್ತದಂತೆ) ಆರೋಗ್ಯಕರವಾಗಿತ್ತು
ಈ ತಿನಿಸು  ಸಿಹಿಯಾಗಿದೆ,ಈ ತಿನಿಸು ಸಿಹಿಯಾಗಿಲ್ಲ, ಈ ತಿನಿಸು (ಹಾಗಲಕಾಯಿಯಂತೆ /ಮಾವಿನ ಹಣ್ಣಿನಂತೆ) ಸಿಹಿಯಾಗಿದೆ
ಆ ಜಾಗವು ಆಳವಾಗಿದೆ ,ಆ ಜಾಗವು ಆಳವಾಗಿಲ್ಲ ,  ಈ ಜಾಗವು (ಬೋರ್ ವೆಲ್ ನಂತೆ /ಮನೆಯ ಟ್ಯಾಂಕ್ ನಂತೆ) ಆಳವಾಗಿದೆ
ಆ ಮೀನಿನ ಆಕಾರ ಬೃಹದಾಕಾರ ,ಆ ಮೀನಿನಾಕಾರ ಸಣ್ಣದು, ಈ ಮೀನು (ಸ್ಟಾರ್ ಮೀನಿನಂತೆ /ತಿಮಿಂಗಲದಂತೆ) ಬೃಹದಾಕಾರವಾಗಿದೆ
  ಅವನ ಗೆಲುವು ಸಿಹಿಯಾಗಿತ್ತು, ಅವನ ಗೆಲುವು ಸಿಹಿಯಾಗಿರಲಿಲ್ಲ ,  ಅವನ ಗೆಲುವು  (ಬೆಲ್ಲದಂತೆ/ ಬೇವಿನಂತೆ ) ಇತ್ತು
ಉತ್ತರ ಕುಮಾರನ ಧೈರ್ಯ ಮೆಚ್ಚುವಂಥದ್ದು,ಉತ್ತರ ಕುಮಾರನ ಧೈರ್ಯ ಮೆಚ್ಚುವಂಥದ್ದಲ್ಲ,  ಅವನ ಧೈರ್ಯವು (ಉತ್ತರಕುಮಾರನಂತೆ /ರಾಣಿ ಚೆನ್ನಮ್ಮನಂತೆ) ಇತ್ತು
ಆ ತಿಂಡಿಯು ಚಪ್ಪಟ್ಟೆಯಾಗಿತ್ತು,ಆ ತಿಂಡಿಯು ಚಪ್ಪಟ್ಟೆಯಾಗಿರಲಿಲ್ಲ,  ಆ ತಿಂಡಿಯು (ಬ್ರೆಡ್ ನಂತೆ /ಪಫ್ ನಂತೆ) ಚಪ್ಪಟ್ಟೆಯಾಗಿತ್ತು
ಅವರು ನೀಡಿದ ನೀರಿನ ರುಚಿ ಉಪ್ಪಾಗಿತ್ತು ,ಅವರು ನೀಡಿದ ನೀರಿನ ರುಚಿ ಉಪ್ಪಾಗಿರಲಿಲ್ಲ, ಅವರು ನೀಡಿದ್ದ ನೀರು (ಸಮುದ್ರದ ನೀರಿನಂತೆ /ಬಾವಿಯ ನೀರಿನಂತೆ) ಉಪ್ಪಾಗಿತ್ತು
ಅವಳು ಹೊಳೆಯುತ್ತಿದ್ದಳು ,ಅವಳು ಹೊಳೆಯುತ್ತಿರಲಿಲ್ಲ, ಅವಳು (ಹುಣ್ಣಿಮೆಯ ಚಂದ್ರನಂತೆ/ ಅಮಾವಾಸ್ಯೆಯ ಕತ್ತಲೆಯಂತೆ) ಹೊಳೆಯುತ್ತಿದ್ದಳು
ಅದು ತುಂಬಾ ಬಿಸಿಯಾಗಿತ್ತು ,ಅದು ತಣ್ಣಗಿತ್ತು,   ಅದು (ತಣ್ಣನೆಯ ತಂಗಾಳಿಯಂತೆ /ಬಿರುಗಾಳಿಯಂತೆ) ಬಿಸಿಯಾಗಿತ್ತು
ಆಕೆ ಹೆಚ್ಚು ಅಲಂಕಾರ ಮಾಡಿಕೊಂಡಿದ್ದಳು,ಆಕೆ ಕಡಿಮೆ ಅಲಂಕಾರ ಮಾಡಿದ್ದಳು ,  ಆಕೆ (ಮಾಡೆಲ್ ನಂತೆ/ ಹಳ್ಳಿ ಹೆಂಗಸಿನಂತೆ) ಆಲಂಕಾರ ಮಾಡಿಕೊಂಡಿದ್ದಳು
ಊಟ ಆರೋಗ್ಯಕರವಾಗಿತ್ತು ,ಊಟ ಆರೋಗ್ಯಕರವಾಗಿರಲಿಲ್ಲ,ಆ ಊಟವು (ರಾಗಿಮುದ್ದೆಯಂತೆ /ಬರ್ಗರ್ ನಂತೆ) ಆರೋಗ್ಯಕರವಾಗಿತ್ತು
ಆ ಪ್ರಾಣಿ ಕಡಿಮೆ ನಿದ್ದೆ ಮಾಡುತ್ತಿತ್ತು,ಆ ಪ್ರಾಣಿ ಕಡಿಮೆ ನಿದ್ದೆ ಮಾಡುತ್ತಿತ್ತು,ಆ ಪ್ರಾಣಿಯು (ಕೋಲಾನಂತೆ/ ಕಪ್ಪೆಯಂತೆ) ಅತಿಯಾದ ನಿದ್ರೆ ಮಾಡುತ್ತಿತ್ತು
ಆ ಹೆಂಗಸು ಸುಂದರವಾಗಿದ್ದಳು ,ಆ ಹೆಂಗಸು ಕುರೂಪಿಯಾಗಿದ್ದಳು, ಆ ಹೆಂಗಸು (ರಂಬೆಯಂತೆ /ಶೂರ್ಪಣಕಿಯಂತೆ) ಸುಂದರವಾಗಿದ್ದಳು
ಆ ಚಾದರ ಮೃದುವಾಗಿತ್ತು,ಆ ಚಾದರ ಮೃದುವಾಗಿರಲಿಲ್ಲ, ಆ ಚಾದರವು (ಹಾಸಿಗೆಯಂತೆ /ಗಟ್ಟಿ ನೆಲದಂತೆ) ಮೃದುವಾಗಿತ್ತು
ಆ ಜಾಗದ ಅಗಲವಾಗಿತ್ತು, ಆ ಜಾಗ ಅಗಲವಾಗಿರಲಿಲ್ಲ,  ಅದು (ಕೆರೆಯಂತೆ/ ನದಿಯಂತೆ) ಅಗಲವಾಗಿತ್ತು
ಆಟ ರೋಚಕವಾಗಿತ್ತು ,ಆಟ ರೋಚಕವಾಗಿರಲಿಲ್ಲ,   ಆ ಆಟವು (ಸ್ಕೈ ಡ್ರೈವ್ ನಂತೆ/ ನಡಿಗೆಯಂತೆ )ರೋಚಕವಾಗಿತ್ತು
ಆ ವ್ಯಕ್ತಿ ತಮಾಷೆ ಮಾಡುತ್ತಿದ್ದ,ಆ ವ್ಯಕ್ತಿ ತಮಾಷೆ ಮಾಡುತ್ತಿರಲಿಲ್ಲ,  ಆ ವ್ಯಕ್ತಿಯು (ಬರಹಗಾರನಂತೆ/ ಹಾಸ್ಯಗಾರನಂತೆ )ತಮಾಷೆಯಾಗಿದ್ದನು
ಆ ವಸ್ತು ತಣ್ಣಗಿತ್ತು ,ಆ ವಸ್ತು ತಣ್ಣಗಿರಲಿಲ್ಲ, ಇದು (ಐಸ್ ಕ್ರೀಮ್ ನಂತೆ/ ಸೂಪ್ ನಂತೆ) ತಣ್ಣಗಿತ್ತು
ಅದು ಗರಿಗರಿಯಾಗಿತ್ತು,ಅದು ಗರಿಗರಿಯಾಗಿರಲಿಲ್ಲ,  ಅದು (ಇಡ್ಲಿಯಂತೆ/ದೋಸೆಯಂತೆ) ಗರಿಗರಿಯಾಗಿತ್ತು
ಅವಳ ಒಡವೆ ತುಂಬಾ ಗಟ್ಟಿ ಇತ್ತು ,ಅವಳ ಒಡವೆ ತುಂಬಾ ಟಳ್ಳಾಗಿತ್ತು,ಅವಳು ಹಾಕಿದ್ದ  ಒಡವೆಯು (ಚಿನ್ನದಂತೆ /ವಜ್ರದಂತೆ) ಗಟ್ಟಿಯಾಗಿತ್ತು
ಆಕೆಯ ಉಡುಪು ಆಕರ್ಷಕ ಬಣ್ಣಗಳಿಂದ ಕೂಡಿತ್ತು,ಆಕೆಯ ಉಡುಪು ಆಕರ್ಷಕ ಬಣ್ಣಗಳನ್ನು ಹೊಂದಿರಲಿಲ್ಲ, ಆಕೆಯ ಉಡುಪು (ಕಾಮನ ಬಿಲ್ಲಿನಂತೆ /ಬಿಳಿ ಹಲಗೆಯಂತೆ )ಆಕರ್ಷಕ ಬಣ್ಣಗಳಿಂದ ಕೂಡಿತ್ತು
ಆ ಮನೆ ಹಳೆಯದು ,ಆ ಮನೆ ಹೊಸದು, ಈ ಮನೆಯು (ಹೊಸ ಕಟ್ಟಡದಂತೆ /ಹಳೆಯ ಸ್ಮಾರಕದಂತೆ) ಹಳೆಯದು
ಆತ ಮಾತನಾಡುವುದು ಕರ್ಕಶವಾಗಿದೆ,ಆತ ಮಾತಾಡುವುದು ಇಂಪಾಗಿದೆ,  ಆತ ಮಾತನಾಡುವುದು( ಪಿಸುಮಾತಿನಂತೆ/ ಜೋರುಮಾತಿನಂತೆ )ಕರ್ಕಶವಾಗಿದೆ
ಇವನು ಮುದ್ದಾಗಿದ್ದಾನೆ ಇವನು ಮುದ್ದಾಗಿಲ್ಲ,ಇವನು ಮುದ್ದಾಗಿಲ್ಲ,   ಇವನು (ಅಜ್ಜಿಯಂತೆ/ ನವಜಾತ ಶಿಶುವಿನಂತೆ ಮುದ್ದಾಗಿದ್ದಾನೆ)
ಅಂದು ಕಗ್ಗತ್ತಲು ಕವಿದಿತ್ತು ,ಅಂದು ಕಗ್ಗತ್ತಲು ಕವಿದಿರಲಿಲ್ಲ,ಅಂದು (ಹುಣ್ಣಿಮೆಯ ದಿನದಂತೆ/ ಅಮಾವಾಸ್ಯೆಯ ದಿನದಂತೆ )ಕಗ್ಗತ್ತಲು ಕವಿದಿತ್ತು
ಅವನು ಕಿರಿಯವನಾಗಿದ್ದಾನೆ,ಅವನು ಕಿರಿಯವನಾಗಿಲ್ಲ, ಅವನು ( ಶಿಶುವಿನಂತೆ/ ಅಜ್ಜನಂತೆ) ಕಿರಿಯವನಾಗಿದ್ದಾನೆ
ಆತನ ದಿರಿಸು ಶುಚಿಯಾಗಿತ್ತು,ಆತನ ದಿರಿಸು ಶುಚಿಯಾಗಿಲ್ಲ,ಆತನ ದಿರಿಸು (ಅಧಿಕಾರಿಯಂತೆ/ ಭಿಕ್ಷುಕನಂತೆ) ಶುಚಿಯಾಗಿತ್ತು
 ಆ ತಿಂಡಿಯು ತೆಳುವಾಗಿತ್ತು, ಆ ತಿಂಡಿಯು ತೆಳುವಾಗಿಲ್ಲ,   ಆ ತಿಂಡಿಯು (ಬ್ರೆಡ್ ನಂತೆ/ ಬರ್ಗರ್ ನಂತೆ) ತೆಳುವಾಗಿತ್ತು
ಆ ಜಾಗವು  ಎತ್ತರವಾಗಿತ್ತು,ಆ ಜಾಗವು  ಎತ್ತರವಾಗಿಲ್ಲ, ಆ ಜಾಗವು (ಆಕಾಶದಂತೆ/ ಭೂಮಿಯಂತೆ) ಎತ್ತರವಾಗಿತ್ತು
ಅದರ ಆಕಾರವು ವಕ್ರವಾಗಿದೆ,ಅದರ ಆಕಾರವು ವಕ್ರವಾಗಿಲ್ಲ,  ಅದರ ಆಕಾರವು( ಚೌಕದಂತೆ/ ವೃತ್ತದಂತೆ) ವಕ್ರವಾಗಿದೆ
ಅದು ದೊಡ್ಡದಾಗಿದೆ,ಅದು ದೊಡ್ಡದಾಗಿಲ್ಲ, ಅದು (ಹಡಗಿಯಷ್ಟು/ ದೋಣಿಯಷ್ಟು )ದೊಡ್ಡದಾಗಿದೆ
ಆಕೆಯ ರಾಗವು ಇಂಪಾಗಿದೆ,ಆಕೆಯ ರಾಗವು ಇಂಪಾಗಿಲ್ಲ, ಆಕೆಯ ರಾಗವು( ಹಾಡುಗಾರ್ತಿಯಷ್ಟು/ ನೃತ್ಯಗಾರನಷ್ಟು )ಇಂಪಾಗಿದೆ
ಆತನ ಅರಿವು,, ಆತನ ಅರಿವು (ದ್ವಾರಪಾಲಕನಷ್ಟು/ ಪ್ರಾಧ್ಯಾಪಕನಷ್ಟು) ಇದೆ
ಈ ವಾಹನವು ವೇಗವಾಗಿದೆ,ಈ ವಾಹನವು ವೇಗವಾಗಿಲ್ಲ,   ಈ ವಾಹನವು (ಎತ್ತಿನಗಾಡಿಯಂತೆ/ ಜೆಟ್ ನಂತೆ )ವೇಗವಾಗಿದೆ
ಇವನು ಖುಷಿಯಾಗಿದ್ದಾನೆ,ಇವನು ಖುಷಿಯಾಗಿಲ್ಲ,ಇವನು (ಮಗುವಿನಷ್ಟು/ ವಯಸ್ಕನಷ್ಟು )ಖುಷಿಯಾಗಿದ್ದಾನೆ
 ಅವನು ದೊಡ್ಡದಾಗಿದ್ದಾನೆ, ಅವನು ದೊಡ್ಡದಾಗಿಲ್ಲ, ಅವನು ( ಆನೆಯಂತೆ /ಇರುವೆಯಂತೆ) ದೊಡ್ಡದಾಗಿದ್ದಾನೆ
ಆಕೆ ಪೂಜ್ಯನೀಯವಾಗಿರುವಳು,ಆಕೆ ಪೂಜ್ಯನೀಯವಾಗಿಲ್ಲ,ಆಕೆ (ದೇವತೆಯಂತೆ/ ದೆವ್ವದಂತೆ )ಪೂಜ್ಯನೀಯವಾಗಿರುವಳು
  ಆ ಕಟ್ಟಡವು  ಐಷಾರಾಮಿಯಾಗಿದೆ,  ಆ ಕಟ್ಟಡವು  ಐಷಾರಾಮಿಯಾಗಿಲ್ಲ, ಆ ಕಟ್ಟಡವು (ಬಂಗಲೆಯಂತೆ /ಗುಡಿಸಲಿನಂತೆ) ಐಷಾರಾಮಿಯಾಗಿದೆ
ಈ ಹಣ್ಣು ರಸಮಯವಾಗಿದೆ,ಈ ಹಣ್ಣು ರಸಮಯವಾಗಿಲ್ಲ,ಈ ಹಣ್ಣು (ಕಬ್ಬಿನಂತೆ/ ಸೀಬೆಯಂತೆ )ರಸಮಯವಾಗಿದೆ
ಅವನು ಶ್ರೀಮಂತ,ಅವನು ಶ್ರೀಮಂತನಲ್ಲ ,ಅವನು ( ಅಂಬಾನಿಯಂತೆ/ಭಿಕ್ಷುಕನಂತೆ)ಶ್ರೀಮಂತ
ಆ ಎಣ್ಣೆ ಸ್ನಿಗ್ಧವಾಗಿದೆ,ಆ ಎಣ್ಣೆ ಸ್ನಿಗ್ಧವಾಗಿಲ್ಲ,ಆ ಎಣ್ಣೆ (ತೆಂಗಿನ ಎಣ್ಣೆಯಷ್ಟು/ ಹರಳೆಣ್ಣೆಯಷ್ಟು) ಸ್ನಿಗ್ಧವಾಗಿದೆ
ಶಕ್ತಿಯು  ಅನಿಯಮಿತವಾಗಿದೆ,ಶಕ್ತಿಯು  ಅನಿಯಮಿತವಾಗಿಲ್ಲ,ಶಕ್ತಿಯು (ಸೂರ್ಯನ ಶಕ್ತಿಯಂತೆ/ವಿದ್ಯುತ್ ಶಕ್ತಿಯಂತೆ)  ಅನಿಯಮಿತವಾಗಿದೆ
 ಅವನು ಪ್ರಾಮಾಣಿಕ ಗುಣ ಹೊಂದಿದ್ದನು.,ಅವನು ಪ್ರಾಮಾಣಿಕ ಗುಣ ಹೊಂದಿಲ್ಲ,ಅವನು (ನಾಯಿಯಂತೆ/ ನರಿಯಂತೆ )ಪ್ರಾಮಾಣಿಕ ಗುಣ ಹೊಂದಿದ್ದನು.
ಆಕೆ ಮಹೊನ್ನತವಾಗಿದ್ದಾಳೆ,ಆಕೆ ಮಹೊನ್ನತವಾಗಿಲ್ಲ,ಆಕೆ (ಟಾಪರ್ ನಷ್ಟು/ಸಾಮಾನ್ಯ ವಿದ್ಯಾರ್ಥಿಯಷ್ಟು) ಮಹೊನ್ನತವಾಗಿದ್ದಾಳೆ
 ಅವನು ಪ್ರಾಯೋಗಿಕ ವ್ಯಕ್ತಿ, ಅವನು ಪ್ರಾಯೋಗಿಕ ವ್ಯಕ್ತಿಯಲ್ಲ,ಅವನು (ವಿಜ್ನಾನಿಯಷ್ಟು/ ಕವಿಯಷ್ಟು) ಪ್ರಾಯೋಗಿಕ ವ್ಯಕ್ತಿ
 ಆ ಹರಳು  ಬೆಲೆಬಾಳುವಂತದ್ದು, ಆ ಹರಳು  ಬೆಲೆಬಾಳುವಂತದ್ದಲ್ಲ,ಆ ಹರಳು (ರತ್ನದಂತೆ/ಕಲ್ಲಿನಂತೆ) ಬೆಲೆಬಾಳುವಂತದ್ದು
 ಅದು ಬಿಳುಪಾಗಿತ್ತು, ಅದು ಬಿಳುಪಾಗಿಲ್ಲ,ಅದು ( ಬೆಳ್ಳನೆಯ ಮೋಡದಂತೆ/ಕಪ್ಪು ಹಲಗೆಯಂತೆ) ಬಿಳುಪಾಗಿತ್ತು
 ಅವಳು ತಾಜಾವಾಗಿದ್ದಾಳೆ,ಅವಳು ತಾಜಾವಾಗಿಲ್ಲ, ಅವಳು( ಹೂವಿನಷ್ಟು/ ಒಣಗಿದ ಎಲೆಯಷ್ಟು) ತಾಜಾವಾಗಿದ್ದಾಳೆ
 ಅವನು ಆಕರ್ಷಕ ದೇಹವನ್ನು ಹೊಂದಿದ್ದಾನೆ, ಅವನು ಆಕರ್ಷಕ ದೇಹವನ್ನು ಹೊಂದಿಲ್ಲ,    ಅವನು (ಜಿಮ್ ವ್ಯಕ್ತಿಯಂತೆ/ ಸ್ಥೂಲಕಾಯನಂತೆ )ಆಕರ್ಷಕ ದೇಹವನ್ನು ಹೊಂದಿದ್ದಾನೆ
ಅವಳು ಸುಂದರವಾಗಿರುವಳು,ಅವಳು ಸುಂದರವಾಗಿಲ್ಲ, ಅವಳು (ಬಾರ್ಬಿಯಂತೆ /ಮಿಕ್ಕಿಯಂತೆ) ಸುಂದರವಾಗಿರುವಳು
  ಆ ನೀರು ಶುಚಿಯಾಗಿದೆ, ಆ ನೀರು ಶುಚಿಯಾಗಿಲ್ಲ,ಆ ನೀರು( ಫಿಲ್ಟರ್ ನೀರಿನಂತೆ/ಕೊಚ್ಚೆ ನೀರಿನಂತೆ) ಶುಚಿಯಾಗಿದೆ
ಆತನು ಹುಡುಗಾಟಿಕೆ ಬುದ್ದಿಯವನು,ಆತನು ಹುಡುಗಾಟಿಕೆ ಬುದ್ದಿಯವನಲ್ಲ,ಆತನು (ಮಗುವಿನಂತೆ/ ವಯಸ್ಕನಂತೆ) ಹುಡುಗಾಟಿಕೆ ಬುದ್ದಿಯವನು
ಅವನು ಹಾಸ್ಯಾಸ್ಪದವಾಗಿದ್ದನು,ಅವನು ಹಾಸ್ಯಾಸ್ಪದವಾಗಿಲ್ಲ,  ಅವನ ( ಹಾಸ್ಯಗಾರನಂತೆ/ಪ್ರಾಧ್ಯಾಪಕನಂತೆ) ಹಾಸ್ಯಾಸ್ಪದವಾಗಿದ್ದನು
ಆ ತಿಂಡಿ ಮೃದುವಾಗಿದೆ,ಆ ತಿಂಡಿ ಮೃದುವಾಗಿಲ್ಲ,ಆ ತಿಂಡಿ (ಡೊನಟ್ ನಂತೆ/ ಸ್ಮೂತಿಯಂತೆ )ಮೃದುವಾಗಿದೆ
ಆ ಸಂಗೀತವು ಕೇಳಲು ಇಂಪಾಗಿದೆ,ಆ ಸಂಗೀತವು ಕೇಳಲು ಇಂಪಾಗಿಲ್ಲ,ಆ ಸಂಗೀತವು ಕೇಳಲು (ಇಂಪಾಗಿದೆ/ ಕರ್ಕಶವಾಗಿದೆ)
 ಅವನು ಸಣ್ಣಗಿದ್ದಾನೆ, ಅವನು ಸಣ್ಣಗಿಲ್ಲ, ಅವನು (ಬೊಜ್ಜಿನ ಮನುಷ್ಯನಂತೆ /ತೆಳ್ಳಗಿನ ಮನುಷ್ಯನಂತೆ) ಸಣ್ಣಗಿದ್ದಾನೆ
ಈ ಆಟವು ಸಾಹಸಮಯವಾಗಿದೆ,ಈ ಆಟವು ಸಾಹಸಮಯವಾಗಿಲ್ಲ,ಈ ಆಟವು (ಸ್ಕೂಬಾ ದಂತೆ/ ಈಜಿನಂತೆ) ಸಾಹಸಮಯವಾಗಿದೆ
ಆಕೆಯು ಸರಳವಾಗಿರುವಳು,ಆಕೆಯು ಸರಳವಾಗಿಲ್ಲ,ಆಕೆಯು (ಗೃಹಿಣಿಯಂತೆ/ ಮಾಡೆಲ್ ನಂತೆ )ಸರಳವಾಗಿರುವಳು
ಆ ಪ್ರಾಣಿಯು ಉದ್ದವಾಗಿದೆ,ಆ ಪ್ರಾಣಿಯು ಉದ್ದವಾಗಿಲ್ಲ,ಆ ಪ್ರಾಣಿಯು ( ಹಾವಿನಂತೆ /ಹಲ್ಲಿಯಂತೆ) ಉದ್ದವಾಗಿದೆ
ಅದು ತಟಸ್ತವಾಗಿದೆ,ಅದು ತಟಸ್ತವಾಗಿಲ್ಲ,ಅದು (ಮೋಡದಂತೆ/ ಬಂಡೆಯಂತೆ) ತಟಸ್ತವಾಗಿದೆ
ವಾತಾವರಣವೂ ತಣ್ಣಗಿದೆ,ವಾತಾವರಣವೂ ತಣ್ಣಗಿಲ್ಲ,ವಾತಾವರಣವೂ ( ಚಳಿಗಾಲದಂತೆ / ಬೇಸಿಗೆಯಂತೆ) ತಣ್ಣಗಿದೆ
ವಾತಾವರಣವೂ ಬೆಚ್ಚಗಿದೆ,ವಾತಾವರಣವೂ ಬೆಚ್ಚಗಿಲ್ಲ,ವಾತಾವರಣವೂ (ಬೇಸಿಗೆಯಂತೆ /ಮಳೆಗಾಲದಂತೆ )ಬೆಚ್ಚಗಿದೆ
ಆ ಹುಡುಗ  ಉದ್ದವಿದ್ದಾನೆ,ಆ ಹುಡುಗ  ಉದ್ದವಿಲ್ಲ, ಆ ಹುಡುಗ (ಜಿರಾಫೆಯಂತೆ/ ಜಿಂಕೆಯಂತೆ) ಉದ್ದವಿದ್ದಾನೆ
ಆ ಸಿನಿಮಾ ನೇರವಾದ ಕಥೆಯನ್ನು ಹೊಂದಿದೆ,ಆ ಸಿನಿಮಾ ನೇರವಾದ ಕಥೆಯನ್ನು ಹೊಂದಿಲ್ಲ,ಆ ಸಿನಿಮಾ (ಲವ್ ಸ್ಟೋರಿ ಯಂತೆ /ಸಸ್ಪೆನ್ಸ್ ಥ್ರಿಲ್ಲರ್ನಂತೆ) ನೇರವಾದ ಕಥೆಯನ್ನು ಹೊಂದಿದೆ
 ಅವನ ಕಣ್ಣುಗಳು ನೀಲಿ ಆಗಿದೆ, ಅವನ ಕಣ್ಣುಗಳು ನೀಲಿ ಆಗಿಲ್ಲ, ಅವನ ಕಣ್ಣುಗಳು (ಆಕಾಶದಂತೆ/ ಚಂದಿರನಂತೆ) ನೀಲಿ ಆಗಿದೆ
ಸೈನಿಕರ ತೋಳು  ಗಟ್ಟಿಯಾಗಿದೆ,ಸೈನಿಕರ ತೋಳು  ಗಟ್ಟಿಯಾಗಿಲ್ಲ,ಸೈನಿಕರ ತೋಳು (ಕಬ್ಬಿಣದಂತೆ /ಪ್ಲಾಸ್ಟಿಕ್ ನಂತೆ) ಗಟ್ಟಿಯಾಗಿದೆ
ಈ ವಸ್ತುವೂ  ಸುಮಧುರ ವಾಸನೆ ಹೊಂದಿದೆ,ಈ ವಸ್ತುವೂ  ಸುಮಧುರ ವಾಸನೆ ಹೊಂದಿಲ್ಲ, ಈ ವಸ್ತುವೂ (ಹೂವಿನಂತೆ/ ಪ್ರಾಣಿಯಂತೆ) ಸುಮಧುರ ವಾಸನೆ ಹೊಂದಿದೆ
 ಬ್ರಹ್ಮಾಂಡವು ಅಗಣಿತ ನಕ್ಷತ್ರಗಳನ್ನು ಹೊಂದಿದೆ, ಬ್ರಹ್ಮಾಂಡವು ಅಗಣಿತ ನಕ್ಷತ್ರಗಳನ್ನು ಹೊಂದಿಲ್ಲ,ಬ್ರಹ್ಮಾಂಡವು ಅಗಣಿತ (ನಕ್ಷತ್ರ/ ಗ್ರಹ)ಗಳನ್ನು ಹೊಂದಿದೆ
ಅವನು ಕೆಲಸದಲ್ಲಿ ಏಕಾಗ್ರತೆ ಹೊಂದಿದ್ದಾನೆ,ಅವನು ಕೆಲಸದಲ್ಲಿ ಏಕಾಗ್ರತೆ ಹೊಂದಿಲ್ಲ,ಅವನು ಕೆಲಸದಲ್ಲಿ (ಕುದುರೆಯಂತೆ /ಎಮ್ಮೆಯಂತೆ )ಏಕಾಗ್ರತೆ ಹೊಂದಿದ್ದಾನೆ
 ಅದರ ಬಣ್ಣ ಬಿಳಿಯಾಗಿದೆ, ಅದರ ಬಣ್ಣ ಬಿಳಿಯಾಗಿಲ್ಲ,ಅದರ ಬಣ್ಣ (ಹಾಲಿನಂತೆ /ನೀರಿನಂತೆ) ಬಿಳಿಯಾಗಿದೆ
ಅವರು ಬಣ್ಣ ಬದಲಿಸುತ್ತಾರೆ,ಅವರು ಬಣ್ಣ ಬದಲಿಸಲ್ಲ,ಅವರು (ಊಸರವಳ್ಳಿಯಂತೆ /ಹಾವಿನಂತೆ) ಬಣ್ಣ ಬದಲಿಸುತ್ತಾರೆ
 ಆ ಕಟ್ಟಡವು ಸುಂದರವಾಗಿದೆ, ಆ ಕಟ್ಟಡವು ಸುಂದರವಾಗಿಲ್ಲ, ಆ ಕಟ್ಟಡವು (ತಾಜ್ ಮಹಲ್ನಂತೆ/ ಕೆಡವಿದ ಅರಮನೆಯಂತೆ )ಸುಂದರವಾಗಿದೆ
ಆ ರಸ್ತೆಯು ನೇರವಾಗಿದೆ,ಆ ರಸ್ತೆಯು ನೇರವಾಗಿಲ್ಲ, ಆ ರಸ್ತೆಯು  (ಹೆದ್ದಾರಿಯಂತೆ/ ಹಿಲ್ ಸ್ಟೇಷನಂತೆ )ನೇರವಾಗಿದೆ
ಆ ರಸ್ತೆಯು ತಿರುವುಗಳನ್ನು ಹೊಂದಿದೆ,ಆ ರಸ್ತೆಯು ತಿರುವುಗಳನ್ನು ಹೊಂದಿಲ್ಲ, ಆ ರಸ್ತೆಯು ( ಹಿಲ್ ಸ್ಟೇಷನಂತೆ/ ಹೆದ್ದಾರಿಯಂತೆ) ತಿರುವುಗಳನ್ನು ಹೊಂದಿದೆ
ಹೂಡಿಕೆಯು ಅಪಾಯಕಾರಿ,ಹೂಡಿಕೆಯು ಅಪಾಯಕಾರಿಯಲ್ಲ,ಹೂಡಿಕೆಯು  (ಸ್ಟಾಕ್ ಮಾರ್ಕೆಟ್ ನಲ್ಲಿ /ಫಿಕ್ಸಡ್ ಡೆಪಾಸಿಟ್) ನಲ್ಲಿ ಅಪಾಯಕಾರಿ
ಕಾಫಿ ಬಿಸಿಯಾಗಿತ್ತು,ಕಾಫಿ ತಣ್ಣಗೆ ಇತ್ತು,ಕಾಫಿ ( ಬಿಸಿಯಾಗಿ/ ತಣ್ಣಗೆ )ಇತ್ತು
ಕೋಲಿನ ಎತ್ತರ ಉದ್ದವಾಗಿ ಇತ್ತು,ಕೋಲಿನ ಎತ್ತರ ತುಂಡವಾಗಿ ಇತ್ತು,ಕೋಲಿನ ಎತ್ತರ( ಉದ್ದವಾಗಿ /ತುಂಡವಾಗಿ) ಇತ್ತು
  ಹಳ್ಳಿಯ ಮನೆ ತುಂಬಾ ದೊಡ್ಡದಾಗಿ ಇದೆ,  ಹಳ್ಳಿಯ ಮನೆ ತುಂಬಾ ಚಿಕ್ಕದಾಗಿ ಇದೆ, ಹಳ್ಳಿಯ ಮನೆ ತುಂಬಾ (ದೊಡ್ಡದಾಗಿ/ ಚಿಕ್ಕದಾಗಿ )ಇದೆ
ಕ್ರಿಕೆಟ್ ಆಟ ತುಂಬಾ ಸುಲಭ,ಕ್ರಿಕೆಟ್ ಆಟ ತುಂಬಾ ಕಷ್ಟ, ಕ್ರಿಕೆಟ್ ಆಟ ತುಂಬಾ (ಸುಲಭ /ಕಷ್ಟ)
 ಚೆಸ್ ಆಡಲು ಜಾಸ್ತಿ ಬುದ್ಧಿವಂತಿಕೆ ಬೇಕು, ಚೆಸ್ ಆಡಲು ಕಡಿಮೆ ಬುದ್ಧಿವಂತಿಕೆ ಬೇಕು, ಚೆಸ್ ಆಡಲು (ಜಾಸ್ತಿ/ ಕಡಿಮೆ) ಬುದ್ಧಿವಂತಿಕೆ ಬೇಕು
ಆ ಪೇಂಟಿಂಗ್ ನ ಬಣ್ಣಗಳು ಸುಂದರವಾಗಿತ್ತು ,ಆ ಪೇಂಟಿಂಗ್ ನ ಬಣ್ಣಗಳು ಸುಂದರವಾಗಿಲ್ಲ,ಆ ಪೇಂಟಿಂಗ್ ನ ಬಣ್ಣಗಳು (ಸುಂದರವಾಗಿತ್ತು /ಕುರೂಪವಾಗಿತ್ತು).
ಸಿನಿಮಾದಲ್ಲಿ ಒಳ್ಳೆಯ ಸಂದೇಶವಿತ್ತು,ಸಿನಿಮಾದಲ್ಲಿ ಒಳ್ಳೆಯ ಸಂದೇಶವಿಲ್ಲ,ಸಿನಿಮಾದಲ್ಲಿ (ಒಳ್ಳೆಯ/ ಕೆಟ್ಟ) ಸಂದೇಶವಿತ್ತು
ಹಾಡಿನ ಸಂಗೀತ ಸುಮಧುರವಾಗಿತ್ತು ,ಹಾಡಿನ ಸಂಗೀತ ಸುಮಧುರವಾಗಿಲ್ಲ,ಹಾಡಿನ (ಸಂಗೀತ /ಸುಮಧುರ) ಕರ್ಕಶ ಆಗಿತ್ತು
 ಜಾತ್ರೆಯಲ್ಲಿ ಹೆಚ್ಚು ಆಟಗಳಿದ್ದವು, ಜಾತ್ರೆಯಲ್ಲಿ ಕಡಿಮೆ ಆಟಗಳಿದ್ದವು, ಜಾತ್ರೆಯಲ್ಲಿ ಮಕ್ಕಳಿಗಾಗಿ (ಹೆಚ್ಚು/ ಕಡಿಮೆ) ಆಟಗಳಿದ್ದವು
ಅವನ ಭಾಷಣ ಜನರನ್ನುಸೆಳೆಯುತ್ತಿತ್ತು,ಅವನ ಭಾಷಣ ಜನರನ್ನು ಸೆಳೆಯಲ್ಲಿಲ್ಲ,ಅವನ ಭಾಷಣ ಜನರನ್ನು (ಉಕ್ಕಿನಂತೆ/ ಪ್ಲಾಸ್ಟಿಕ್ ನಂತೆ) ಸೆಳೆಯುತ್ತಿತ್ತು
ಆ ಪ್ರಾಣಿಯ ನೋಟ ಚುರುಕು,ಆ ಪ್ರಾಣಿಯ ನೋಟ ಚುರುಕಾಗಿಲ್ಲ,ಆ ಪ್ರಾಣಿಯು  (ಚುರುಕಾದ/ ಮೆದೆಯಾದ) ನೋಟ ಹೊಂದಿದೆ
 ಆ ಸಮಸ್ಯೆ ಸುಲಭ, ಆ ಸಮಸ್ಯೆ ಸುಲಭವಾಗಿಲ್ಲ, ಆ ಸಮಸ್ಯೆ( ನೀರು ಕುಡಿದಷ್ಟು/ ಬೆಟ್ಟ ಹತ್ತಿದಷ್ಟು) ಸುಲಭ
ಸಂಗೀತ ಕಾರ್ಯಕ್ರಮವು ಚೆನ್ನಾಗಿತ್ತು,ಸಂಗೀತ ಕಾರ್ಯಕ್ರಮವು ಚೆನ್ನಾಗಿಲ್ಲ,ಸಂಗೀತ ಕಾರ್ಯಕ್ರಮವು (ನಿದ್ದೆ ಬರೆಸುವಷ್ಟು/ ಮತ್ತೆ ಕೇಳಬೇಕೆನಿಸುವಷ್ಟು )ಚೆನ್ನಾಗಿತ್ತು
ಈ ವಾಹನವು ಹೆಚ್ಚು ವೇಗ ಹೊಂದಿದೆ,ಈ ವಾಹನವು ಹೆಚ್ಚು ವೇಗ ಹೊಂದಿಲ್ಲ,ಈ ವಾಹನವು (ರಾಕೆಟ್ ನಂತೆ /ಎತ್ತಿನಗಾಡಿ ಅಂತೆ) ವೇಗ ಹೊಂದಿದೆ
 ಅವನ ಡಾನ್ಸ್ ಆಕರ್ಷಕವಾಗಿತ್ತು, ಅವನ ಡಾನ್ಸ್ ಆಕರ್ಷಕವಾಗಿಲ್ಲ,ಅವನ ಡಾನ್ಸ್ (ಜನರನ್ನುಕುಣಿಸುವಷ್ಟು /ನಿದ್ದೆ ಬರೆಸುವಷ್ಟು) ಆಕರ್ಷಕವಾಗಿತ್ತು
ಆ ವಸ್ತುವಿನ ಬೆಲೆ ದುಬಾರಿ,ಆ ವಸ್ತುವಿನ ಬೆಲೆ ದುಬಾರಿಯಲ್ಲ, ಆ ವಸ್ತುವಿನ ಬೆಲೆ( ಪೆಟ್ರೋಲ್/ ನೀರಿನಂತೆ )ದುಬಾರಿ
ಅವನ ಕೈಬರಹ ಸುಂದರವಾಗಿದೆ,ಅವನ ಕೈಬರಹ ಸುಂದರವಾಗಿಲ್ಲ,ಅವನ ಕೈಬರಹ (ಕಂಪ್ಯೂಟರ್ ಬರಹದಂತೆ/ ಡಾಕ್ಟರ್ ಪ್ರಿಸ್ಕ್ರಿಪ್ಷನ್) ನಂತೆ ಸುಂದರವಾಗಿದೆ
ಆ ಹೂವು ಸುವಾಸನೆ ಬೀರುತಿತ್ತು,ಆ ಹೂವು ಸುವಾಸನೆ ಬೀರಲ್ಲ,ಆ ಹೂವು ( ಸುಗಂಧದಂತೆ/ ತುಂಬೆಯಂತೆ) ಸುವಾಸನೆ ಬೀರುತಿತ್ತು
ಆತನ ಮನಸ್ಸು ಮೃದು,ಆತನ ಮನಸ್ಸು ಮೃದುವಲ್ಲ,   ಆತನ ಮನಸ್ಸು (ಹತ್ತಿ/ಕಲ್ಲು/ )ಅಂತೆ ಮೃದು
ಈ ರೋಗ ಹರಡುತ್ತದೆ,ಈ ರೋಗ ಹರಡುವುದಿಲ್ಲ,    ಈ ರೋಗ (ಕೋವಿಡ್ ನಂತೆ/ಕ್ಯಾನ್ಸರ್ ನಂತೆ) ಹರಡುತ್ತದೆ
ಈ ವಾಹನವು ಶೀಘ್ರ ವಾಗಿ ಚಲಿಸುತ್ತದೆ,ಈ ವಾಹನವು ಶೀಘ್ರ ವಾಗಿ ಚಲಿಸುವುದಿಲ್ಲ,      ಈ ವಾಹನವು (ಫ್ಲೈಟ್/ಎತ್ತಿನಗಾಡಿಯಂತೆ) ಶೀಘ್ರ ವಾಗಿ ಚಲಿಸುತ್ತದೆ.
ಈ ಆಭರಣವು ಏಕಮಾತ್ರವಾಗಿದೆ,ಈ ಆಭರಣವು ಏಕಮಾತ್ರವಾಗಿಲ್ಲ,  ಈ ಆಭರಣವು (ಕೊಹಿನೂರ್ ವಜ್ರದಂತೆ/ ಸಾಮಾನ್ಯ ಒಡವೆಯಂತೆ)  ಏಕಮಾತ್ರವಾಗಿದೆ
ಹೂಡಿಕೆಯು ಚಂಚಲವಾಗಿದೆ,ಹೂಡಿಕೆಯು ಚಂಚಲವಾಗಿಲ್ಲ,   ಹೂಡಿಕೆಯು (ಸ್ಟಾಕ್ ಮಾರ್ಕೆಟ್ ನಂತೆ /ಫಿಕ್ಸೆಡ್ ಡೆಪಾಸಿಟ್ ನಂತೆ) ಚಂಚಲವಾಗಿದೆ
ಈ ವ್ಯಕ್ತಿಯು ಪ್ರಸಿದ್ಧಿಯಾಗಿದ್ದಾನೆ,ಈ ವ್ಯಕ್ತಿಯು ಪ್ರಸಿದ್ಧಿಯಾಗಿಲ್ಲ,   ಈ ವ್ಯಕ್ತಿಯು ( ನಟನಂತೆ/ರೈತನಂತೆ ) ಪ್ರಸಿದ್ಧಿಯಾಗಿದ್ದಾನೆ
ಈ ಭೂಮಿಯು ಫಲವತ್ತತೆಯಾಗಿದೆ,ಈ ಭೂಮಿಯು ಫಲವತ್ತತೆಯಾಗಿಲ್ಲ,   ಈ ಭೂಮಿಯು( ವ್ಯವಸಾಯದ ನೆಲದಂತೆ/ಮರುಭೂಮಿಯಂತೆ ) ಫಲವತ್ತತೆಯಾಗಿದೆ
ಈ ರೋಡ್ ಕಿರಿದಾಗಿದೆ,ಈ ರೋಡ್ ಕಿರಿದಾಗಿಲ್ಲ,  ಈ ರೋಡ್(  ಸುರಂಗದಂತೆ/ಹೈವೇ ಯಂತೆ) ಕಿರಿದಾಗಿದೆ
ಈ ಕೊಳವು ವಿಶಾಲವಾಗಿದೆ,ಈ ಕೊಳವು ವಿಶಾಲವಾಗಿಲ್ಲ,ಈ ಕೊಳವು (ಸಮುದ್ರದಂತೆ/ ಕೆರೆಯಂತೆ) ವಿಶಾಲವಾಗಿದೆ
ಈ ಕಾರ್ಯಕ್ರಮವು ಭಯಾನಕವಾಗಿದೆ,ಈ ಕಾರ್ಯಕ್ರಮವು ಭಯಾನಕವಾಗಿಲ್ಲ,  ಈ ಕಾರ್ಯಕ್ರಮವು (ಮ್ಯಾಜಿಕ್ ನಂತೆ/ ಸರ್ಕಸ್ ನಂತೆ) ಭಯಾನಕವಾಗಿದೆ
ಈ ಅಡುಗೆಯು ಪೋಷಕಾಂಶಗಳನ್ನು ಒಳಗೊಂಡಿದೆ,ಈ ಅಡುಗೆಯು ಪೋಷಕಾಂಶಗಳನ್ನು ಒಳಗೊಂಡಿಲ್ಲ, ಈ ಅಡುಗೆಯು (ರಾಗಿ ಮುದ್ದೆಯಂತೆ/ ಚಪಾತಿಯಂತೆ )ಪೋಷಕಾಂಶಗಳನ್ನು ಒಳಗೊಂಡಿದೆ
ಈ ವಾಹನವು ಎತ್ತರಕ್ಕೆ ಹಾರಬಲ್ಲದು,ಈ ವಾಹನವು ಎತ್ತರಕ್ಕೆ ಹಾರಲ್ಲ, ಈ ವಾಹನವು(  ಫ್ಲೈಟ್ ನಂತೆ/ಹೆಲಿಕ್ಯಾಪ್ಟರ್ ನಂತೆ) ಎತ್ತರಕ್ಕೆ ಹಾರಬಲ್ಲದು
ಈ ವ್ಯಕ್ತಿಯು ತುಂಟನಾಗಿದ್ದಾನೆ,ಈ ವ್ಯಕ್ತಿಯು ತುಂಟನಲ್ಲ, ಈ ವ್ಯಕ್ತಿಯು (ಮಗುವಿನಂತೆ /ಮುದುಕನಂತೆ) ತುಂಟನಾಗಿದ್ದಾನೆ
ಇವರ ಚರ್ಮವು ಮೃದುವಾಗಿದೆ,ಇವರ ಚರ್ಮವು ಮೃದುವಾಗಿಲ್ಲ,ಇವರ ಚರ್ಮವು( ಮಗುವಿನ ಚರ್ಮದಂತೆ /ವಯಸ್ಸಾದವರ ಚರ್ಮದಂತೆ) ಮೃದುವಾಗಿದೆ
ಈ ಕಾರ್ಯಕ್ರಮವು  ಭಯಾನಕವಾಗಿದೆ,ಈ ಕಾರ್ಯಕ್ರಮವು ಭಯಾನಕವಾಗಿಲ್ಲ, ಈ ಕಾರ್ಯಕ್ರಮವು ( ಬ್ಲಾಸ್ಟ್ /ಪಾರ್ಟಿಯಂತೆ) ಭಯಾನಕವಾಗಿದೆ
ಈ ಕಟ್ಟಡವು ಆಲಂಕಾರಿಕವಾಗಿದೆ,ಈ ಕಟ್ಟಡವು ಆಲಂಕಾರಿಕವಾಗಿಲ್ಲ,ಈ ಕಟ್ಟಡವು(  ಅರಮನೆಯಂತೆ/ಸರ್ಕಾರಿ ಕಚೇರಿಯಂತೆ) ಆಲಂಕಾರಿಕವಾಗಿದೆ
ಈ ಆಟವು ದೊಡ್ಡದು,ಈ ಆಟವು ದೊಡ್ಡದಲ್ಲ , ಈ ಆಟವು (ಲೀಗ್ ನಷ್ಟು/ ವರ್ಲ್ಡ್ ಕಪ್ ನಷ್ಟು) ದೊಡ್ಡದು
ಈ ಕಾಯಿಲೆಯು ತುರ್ತಾಗಿಲ್ಲ,ಈ ಕಾಯಿಲೆಯು ತುರ್ತಾಗಿದೆ, ಈ ಕಾಯಿಲೆಯು (ಕೆಮ್ಮಿನಷ್ಟು /ಹೃದಯಾಘಾತದಷ್ಟು) ತುರ್ತಾಗಿದೆ
ಈ ನೃತ್ಯವು ಪ್ರಾಚೀನವಾಗಿದೆ,ಈ ನೃತ್ಯವು ಪ್ರಾಚೀನವಾಗಿಲ್ಲ, ಈ ನೃತ್ಯವು (ಭರತನಾಟ್ಯದಷ್ಟು /ಡಿಸ್ಕೋ ದಷ್ಟು) ಪ್ರಾಚೀನವಾಗಿದೆ
ಈ ಭೇಟಿಯು ನಿರ್ಣಾಯಕವಾಗಿಲ್ಲ,ಈ ಭೇಟಿಯು ನಿರ್ಣಾಯಕವಾಗಿದೆ, ಈ ಭೇಟಿಯು (ಸಾಮಾನ್ಯ ಚೆಕಪ್ ನಷ್ಟು/ ಶಸ್ತ್ರಚಿಕಿತ್ಸೆ ಯಷ್ಟು) ನಿರ್ಣಾಯಕವಾಗಿದೆ
ಈ ಆಹಾರವು ಸಾವಯವಾಗಿದೆ,ಈ ಆಹಾರವು ಸಾವಯವಾಗಿಲ್ಲ, ಈ ಆಹಾರವು (ಆಯುರ್ವೇದದಷ್ಟು/ ಮಾತ್ರೆಯಷ್ಟು )ಸಾವಯವಾಗಿದೆ
ಈ ಆಹಾರವು ರಾಸಾಯನಿಕವಾಗಿದೆ,ಈ ಆಹಾರವು ರಾಸಾಯನಿಕವಾಗಿಲ್ಲ, ಈ ಆಹಾರವು (ಮಾತ್ರೆಯಷ್ಟು /ಆಯುರ್ವೇದದಷ್ಟು) ರಾಸಾಯನಿಕವಾಗಿದೆ
ಈ ಅಕ್ಷರಗಳು ಮೂಲಭೂತವಾಗಿದೆ,ಈ ಅಕ್ಷರಗಳು ಮೂಲಭೂತವಾಗಿಲ್ಲ, ಈ ಅಕ್ಷರಗಳು (ವರ್ಣಮಾಲೆಯಂತೆ/ಪ್ರಬಂಧದಂತೆ )ಮೂಲಭೂತವಾಗಿದೆ
ಈ ನೆಲವು ಒಣಗಿದೆ,ಈ ನೆಲವು ಒಣಗಿಲ್ಲ,ಈ ನೆಲವು (ಮರುಭೂಮಿಯಂತೆ /ವ್ಯವಸಾಯದ ನೆಲದಂತೆ )ಒಣಗಿದೆ
"ಆತನ ಸ್ನಾಯುಗಳು ಗಟ್ಟಿ 

","ಆತನ ಸ್ನಾಯುಗಳು ಗಟ್ಟಿಯಿಲ್ಲ
",ಆತನ ಸ್ನಾಯುಗಳು (ಖುಸ್ತಿ ಪಟುವಿನಂತೆ /ರೋಗಿಯಂತೆ) ಇದ್ದಾವೆ
 ಆತನು ನಿಷ್ಟಾವಂತ, ಆತನು ನಿಷ್ಟಾವಂತನಲ್ಲ , ಆತನು ( ನಾಯಿಯಂತೆ/ ಬೆಕ್ಕಿನಂತೆ) ನಿಷ್ಟಾವಂತ
ಅದು ತಾಜ್ ಮಹಲ್ ನಂತೆ ಪ್ರಸಿದ್ಧ ,ಅದು ತಾಜ್ ಮಹಲ್ ನಂತೆ ಪ್ರಸಿದ್ಧವಾಗಿಲ್ಲ,ಅದು( ತಾಜ್ ಮಹಲ್ ನಂತೆ/ ಗೋಲ್ ಗುಂಬಜ್ ನಂತೆ )ದೊಡ್ಡದಾಗಿದೆ
ಈ ಕ್ರಿಮಿ ಸೂಕ್ಷ್ಮದರ್ಶಕವಾಗಿದೆ,ಈ ಕ್ರಿಮಿ ಸೂಕ್ಷ್ಮದರ್ಶಕವಾಗಿಲ್ಲ,ಈ ಕ್ರಿಮಿ( ಹುಳದಂತೆ /ವೈರಸ್ ನಂತೆ) ಸೂಕ್ಷ್ಮದರ್ಶಕವಾಗಿದೆ
 ಈ ಲೋಹವು ಹೆಚ್ಚು ಬೆಲೆ ಬಾಳುತ್ತದೆ, ಈ ಲೋಹವು ಕಡಿಮೆ ಬೆಲೆ ಬಾಳುತ್ತದೆ, ಈ ಲೋಹವು( ವಜ್ರದಂತೆ/ಬೆಳ್ಳಿಯಂತೆ) ಬೆಲೆ ಬಾಳುತ್ತದೆ
ಆತನು  ಅಪಾಯಕಾರಿಯಾಗಿದ್ದಾನೆ,ಆತನು  ಅಪಾಯಕಾರಿಯಾಗಿಲ್ಲ,ಆತನು ( ಸನ್ಯಾಸಿಯಂತೆ/ ದರೋಡೆ ಕೋರನಂತೆ) ಅಪಾಯಕಾರಿಯಾಗಿದ್ದಾನೆ
ಆತ ಹಾಸ್ಯಾಸ್ಪದನಾಗಿದ್ದಾನೆ,ಆತ ಹಾಸ್ಯಾಸ್ಪದನಾಗಿಲ್ಲ, ಆತ (ಜೋಕರ್ ನಂತೆ/ ಡಾಕ್ಟರ್ ನಂತೆ )ಹಾಸ್ಯಾಸ್ಪದನಾಗಿದ್ದಾನೆ
ಈ ನೀರು ಉಪ್ಪಾಗಿದೆ,ಈ ನೀರು ಉಪ್ಪಾಗಿಲ್ಲ, ಈ ನೀರು (ಸಿಹಿ ನೀರಿನಂತೆ/ ಸಮುದ್ರ ನೀರಿನಂತೆ) ಉಪ್ಪಾಗಿದೆ
ಈ ಆಹಾರವು ರುಚಿಯಾಗಿದೆ,ಈ ಆಹಾರವು ರುಚಿಯಾಗಿಲ್ಲ,ಈ ಆಹಾರವು (ಪಥ್ಯದಂತೆ/ ಬಿರಿಯಾನಿಯಂತೆ) ರುಚಿಯಾಗಿದೆ
ಇದು ಅಸಿಡಿಕ್ ಆಗಿದೆ,ಇದು ಅಸಿಡಿಕ್ ಆಗಿಲ್ಲ, ಇದು (ನೀರಿನಂತೆ /ಅಲ್ಕೊ ಹಾಲ್ ನಂತೆ) ಅಸಿಡಿಕ್ ಆಗಿದೆ.
ಆತ ಕ್ರೂರಿಯಾಗಿದ್ದಾನೆ,ಆತ ಕ್ರೂರಿಯಾಗಿಲ್ಲ,ಆತ  (ದೆವ್ವದಂತೆ/ ದೇವರಂತೆ) ಕ್ರೂರಿಯಾಗಿದ್ದಾನೆ
ಆತ ದಯಾಮಯನಾಗಿದ್ದಾನೆ,ಆತ ದಯಾಮಯನಾಗಿಲ್ಲ,ಆತ (ದೇವರಂತೆ /ದೆವ್ವದಂತೆ )ದಯಾಮಯನಾಗಿದ್ದಾನೆ
ಅವನು ಉತ್ಸಾಹಿಯಾಗಿದ್ದಾನೆ,ಅವನು ಉತ್ಸಾಹಿಯಾಗಿಲ್ಲ,ಅವನು (ಮಕ್ಕಳಂತೆ/ ತಾತನಂತೆ )ಉತ್ಸಾಹಿಯಾಗಿದ್ದಾನೆ
ಆತನು ಶಕ್ತಿಶಾಲಿಯಾಗಿದ್ದಾನೆ,ಆತನು ಶಕ್ತಿಶಾಲಿಯಾಗಿಲ್ಲ,ಆತನು( ಕ್ರೀಡಾಪಟುವಿನಂತೆ/ ರೋಗಿಯಂತೆ )ಶಕ್ತಿಶಾಲಿಯಾಗಿದ್ದಾನೆ
ಅವನು ಬಲಹೀನನಾಗಿದ್ದಾನೆ,ಅವನು ಬಲಹೀನನಾಗಿಲ್ಲ,ಅವನು (ರೋಗಿಯಂತೆ/ ಖುಸ್ತಿಪಟುವಿನಂತೆ) ಬಲಹೀನನಾಗಿದ್ದಾನೆ
ಆ ವ್ಯಕ್ತಿ ಕ್ರಿಯೇಟಿವ್ ಆಗಿದ್ದಾರೆ,ಆ ವ್ಯಕ್ತಿ ಕ್ರಿಯೇಟಿವ್ ಆಗಿಲ್ಲ,ಆ ವ್ಯಕ್ತಿ (ಡೈರೆಕ್ಟರ್/ಡ್ರೈವರ್ ನಷ್ಟು) ಕ್ರಿಯೇಟಿವ್ ಆಗಿದ್ದಾರೆ
ಈ ಹಣ್ಣು ಸಿಹಿಯಾಗಿದೆ,ಈ ಹಣ್ಣು ಸಿಹಿಯಾಗಿಲ್ಲ,ಈ ಹಣ್ಣು (ಹಲಸಿನ ಹಣ್ಣಿನ ಥರ /ಸವತೆ ಕಾಯಿ )ಹಾಗೆ ಸಿಹಿಯಾಗಿದೆ.
ಆ ಹಣ್ಣು ಕ್ಯಾಲ್ಸಿಯಂ ಹೊಂದಿದೆ.,ಆ ಹಣ್ಣು ಕ್ಯಾಲ್ಸಿಯಂ ಹೊಂದಿಲ್ಲ,ಆ ಹಣ್ಣು (ಹಾಲಿನಷ್ಟು/ ನೀರಿನಷ್ಟು) ಕ್ಯಾಲ್ಸಿಯಂ ಹೊಂದಿದೆ.
ಆ ಜಾಗವು ಹೆಚ್ಚು ನೀರು ಹೊಂದಿದೆ,ಆ ಜಾಗವು ಹೆಚ್ಚು ನೀರು ಹೊಂದಿಲ್ಲ,ಆ ಜಾಗವು (ದ್ವೀಪ ದಂತೆ /ಮರುಭೂಮಿಯ ಹಾಗೆ )ಹೆಚ್ಚು ನೀರು ಹೊಂದಿದೆ
ಈ ಪ್ರಾಣಿ ಹೆಚ್ಚು ಕಾಲ ಜೀವಿಸುತ್ತದೆ,ಈ ಪ್ರಾಣಿಹೆಚ್ಚು ಕಾಲ ಜೀವಿಸುವುದಿಲ್ಲ ,ಈ ಪ್ರಾಣಿ (ಆಮೆಯ ಹಾಗೆ /ಸೊಳ್ಳೆಯಂತೆ) ಹೆಚ್ಚು ಕಾಲ ಜೀವಿಸುತ್ತದೆ
ಈ ಪ್ರಾಣಿಯು ವೇಗವಾಗಿದೆ,ಈ ಪ್ರಾಣಿಯು ವೇಗವಾಗಿಲ್ಲ,ಈ ಪ್ರಾಣಿಯು (ಹಾವಿನಂತೆ/ಎಮ್ಮೆಯಂತೆ) ವೇಗವಾಗಿದೆ
ಆಕೆಯ ಮುಖವು ಗುಂಡಾಗಿದೆ,ಆಕೆಯ ಮುಖವು ಗುಂಡಾಗಿಲ್ಲ,ಆಕೆಯ ಮುಖವು (ಚಂದ್ರನಂತೆ /ಅಮೀಬಾದಂತೆ) ಗುಂಡಾಗಿದೆ
ಈ ಸಾಂಬಾರು ಸಿಹಿಯಾಗಿದೆ,ಈ ಸಾಂಬಾರು ಸಿಹಿಯಾಗಿಲ್ಲ,ಈ ಸಾಂಬಾರು ( ಪಾಯಸದಂತೆ/ಮೆಣಸಿನಕಾಯಿಯಂತೆ) ಸಿಹಿಯಾಗಿದೆ
ಈ ನಗರ  ಶುಚಿಯಾಗಿದೆ,ಈ ನಗರ  ಶುಚಿಯಾಗಿಲ್ಲ,ಈ ನಗರ ( ಬಡಾವಣೆಯಂತೆ/ ಸ್ಲಂ ನಂತೆ) ಶುಚಿಯಾಗಿದೆ
ಆಕೆಯ ಕಣ್ಣುಗಳು ಕೆಂಪಾಗಿವೆ,ಆಕೆಯ ಕಣ್ಣುಗಳು ಕೆಂಪಾಗಿಲ್ಲ,ಆಕೆಯ ಕಣ್ಣುಗಳು( ರಕ್ತದಂತೆ /ನೀರಿನಂತೆ )ಕೆಂಪಾಗಿವೆ
ಈ ಹಾಲು ಹೆಚ್ಚು ಪೌಷ್ಟಿಕತೆ ಹೊಂದಿದೆ,ಈ ಹಾಲು ಹೆಚ್ಚು ಪೌಷ್ಟಿಕತೆ ಹೊಂದಿಲ್ಲ,ಈ ಹಾಲು (ತಾಯಿಯ ಹಾಲಿನಷ್ಟು /ಫಾರ್ಮುಲಾ ಹಾಲಿನಷ್ಟು) ಪೌಷ್ಟಿಕತೆ ಹೊಂದಿದೆ
ಅವರು ಹೆಚ್ಚು ಕಲ್ಪನಾಶಕ್ತಿ ಹೊಂದಿದ್ದಾರೆ.,ಅವರು ಹೆಚ್ಚು ಕಲ್ಪನಾಶಕ್ತಿ ಹೊಂದಿಲ್ಲ ,ಅವರು (ಡೈರೆಕ್ಟರ್/ಆಕ್ಟರ್ ನಷ್ಟು)  ಕಲ್ಪನಾಶಕ್ತಿ ಹೊಂದಿದ್ದಾರೆ.
ಈ ದೇಹಕ್ಕೆ  ನೀರು ಅತಿ ಅವಶ್ಯಕವಾಗಿದೆ,ಈ ದೇಹಕ್ಕೆ  ನೀರು ಅತಿ ಅವಶ್ಯಕವಾಗಿಲ್ಲ ,ಈ ದೇಹಕ್ಕೆ( ನೀರು /ಆಲ್ಕೋಹಾಲ್) ಅತಿ ಅವಶ್ಯಕವಾಗಿದೆ
ಕ್ರೀಡಾಕೂಟವು  ಹೆಚ್ಚು  ಇತಿಹಾಸ ಹೊಂದಿದೆ,ಕ್ರೀಡಾಕೂಟವು  ಹೆಚ್ಚು  ಇತಿಹಾಸ ಹೊಂದಿಲ್ಲ ,ಕ್ರೀಡಾಕೂಟವು  (ಒಲಂಪಿಕ್ ನಶ್ಟು/ ವಿಶ್ವಕಪ್ ನಶ್ಟು) ಇತಿಹಾಸ ಹೊಂದಿದೆ
ಈ ದಿನ ಹೆಚ್ಚು ಗಾಳಿ ಬೀಸಿತು,ಈ ದಿನ ಹೆಚ್ಚು ಗಾಳಿ ಬೀಸಿಲ್ಲ ,ಈ ದಿನ( ಚಂಡಮಾರುತ ದಷ್ಟು/ ಭೂಕಂಪ ದಷ್ಟು) ಹೆಚ್ಚು ಗಾಳಿ ಬೀಸಿತು
ನಾನು  ನಿದ್ರಿಸುತ್ತೇನೆ,ನಾನು  ನಿದ್ರಿಸುತ್ತಿಲ್ಲ,ನಾನು (ಮಗುವಿನಂತೆ /ವಯಸ್ಕರರಂತೆ) ನಿದ್ರಿಸುತ್ತೇನೆ
ಅವರು ಹೆಚ್ಚು ಪ್ರಯೋಗ ಮಾಡುತ್ತಾರೆ,ಅವರು ಹೆಚ್ಚು ಪ್ರಯೋಗ ಮಾಡುವುದಿಲ್ಲ ,ಅವರು (ವಿಜ್ಞಾನಿಗಳಂತೆ /ಇತಿಹಾಸಕಾರರಂತೆ )ಹೆಚ್ಚು ಪ್ರಯೋಗ ಮಾಡುತ್ತಾರೆ
ಅವನು ಕೆಲಸದಲ್ಲಿ ಒತ್ತಡಕ್ಕೆ ಒಳಗಾಗಿದ್ದರು,ಅವನು ಕೆಲಸದಲ್ಲಿ ಒತ್ತಡಕ್ಕೆ ಒಳಗಾಗಿಲ್ಲ ,ಅವನು ಕೆಲಸದಲ್ಲಿ (ಹೊಸಬರಂತೆ/ ಅನುಭವಿಗಳಂತೆ) ಒತ್ತಡಕ್ಕೆ ಒಳಗಾಗಿದ್ದರು
ಅವರು ಕಂಪನಿಗೆ ಪ್ರಮುಖವಾಗಿದ್ದಾರೆ.,ಅವರು ಕಂಪನಿಗೆ ಪ್ರಮುಖವಾಗಿಲ್ಲ.,ಅವರು ಕಂಪನಿಗೆ (ಸಿಇಓ ನ ಹಾಗೆ /ಸಾಮಾನ್ಯ ಉದ್ಯೋಗಿಯಂತೆ) ಪ್ರಮುಖವಾಗಿದ್ದಾರೆ.
ಅವರು ಹೆಚ್ಚು ಕಾವ್ಯಾತ್ಮಕರಾಗಿದ್ದಾರೆ,ಅವರು ಹೆಚ್ಚು ಕಾವ್ಯಾತ್ಮಕರಾಗಿಲ್ಲ,ಅವರು( ಬರಹಗಾರರಂತೆ/ ಓದುಗರಂತೆ) ಹೆಚ್ಚು ಕಾವ್ಯಾತ್ಮಕರಾಗಿದ್ದಾರೆ
ನಾನು ಹೆಚ್ಚು ತಾಂತ್ರಿಕ ಜ್ಞಾನ ಹೊಂದಿದ್ದೇನೆ.,ನಾನು ಹೆಚ್ಚು ತಾಂತ್ರಿಕ ಜ್ಞಾನ ಹೊಂದಿಲ್ಲ,ನಾನು  (ಎಂಜಿನಿಯರ್ ನಂತೆ/ ಕವಿಯಂತೆ )ಹೆಚ್ಚು ತಾಂತ್ರಿಕ ಜ್ಞಾನ ಹೊಂದಿದ್ದೇನೆ.
ನನ್ನ ತಂದೆ ಹಾಸ್ಯ ಪ್ರಜ್ಞೆ ಹೊಂದಿದ್ದಾರೆ,ನನ್ನ ತಂದೆ ಹಾಸ್ಯ ಪ್ರಜ್ಞೆ ಹೊಂದಿಲ್ಲ ,ನನ್ನ ತಂದೆ (ಕಾಮಿಡಿಯನ್ ರಂತೆ /ಕುಸ್ತಿಪಟುವಿನಂತೆ) ಹಾಸ್ಯ ಪ್ರಜ್ಞೆ ಹೊಂದಿದ್ದಾರೆ
ಅದು ನಿಗೂಢವಾಗಿದೆ.,ಅದು ನಿಗೂಢವಾಗಿಲ್ಲ ,ಅದು (ಬಾಹ್ಯಕಾಶದಂತೆ/ ಕವಿತೆಯಂತೆ )ನಿಗೂಢವಾಗಿದೆ.
ಆ ವಿಷಯವು  ಕಷ್ಟಕರ,"ಆ ವಿಷಯವು  ಕಷ್ಟವಲ್ಲ 
",ಆ ವಿಷಯವು (ಪಿಎಚ್ಡಿ ಪಡೆಯುವಷ್ಟು/ ಡಿಗ್ರಿ ಪಡೆಯುವಷ್ಟು) ಕಷ್ಟಕರ
ಆ ಘಟನೆ ಸಾಮಾನ್ಯವಾಗಿದೆ,ಆ ಘಟನೆ ಸಾಮಾನ್ಯವಾಗಿಲ್ಲ,ಆ ಘಟನೆ (ಮಳೆಯಷ್ಟು /ಭೂಕಂಪ ದಷ್ಟು) ಸಾಮಾನ್ಯವಾಗಿದೆ
ಆ ವಿಷಯವು ಸಾಮಾನ್ಯವಾಗಿದೆ,ಆ ವಿಷಯವು ಸಾಮಾನ್ಯವಾಗಿಲ್ಲ,ಆ ವಿಷಯವು (ಕಾರ್ ಹೊಂದಿದಷ್ಟು/ ಫ್ಲೈಟ್ ಹೊಂದಿದಷ್ಟು) ಸಾಮಾನ್ಯವಾಗಿದೆ
ಸಮಾಜದಲ್ಲಿ ಅವರು ಹೆಚ್ಚು ಗೌರವ ಹೊಂದಿದ್ದಾರೆ,ಸಮಾಜದಲ್ಲಿ ಅವರು ಹೆಚ್ಚು ಗೌರವ ಹೊಂದಿಲ್ಲ,ಸಮಾಜದಲ್ಲಿ ಅವರು (ಜಡ್ಜ್ ನಂತೆ/ ಅಪರಾಧಿ ಯಂತೆ) ಹೆಚ್ಚು ಗೌರವ ಹೊಂದಿದ್ದಾರೆ
ಅವರು ವೈಭವದ ಜೀವನ ನಡೆಸುತ್ತಾರೆ,ಅವರು ವೈಭವದ ಜೀವನ ನಡೆಸುತ್ತಿಲ್ಲ,ಅವರು( ರಾಜರಂತೆ/ ರೈತರಂತೆ )ವೈಭವದ ಜೀವನ ನಡೆಸುತ್ತಾರೆ
ಬೆಕ್ಕು ಸಾಕು ಪ್ರಾಣಿಯಾಗಿದೆ,ಬೆಕ್ಕು ಸಾಕು ಪ್ರಾಣಿಯಲ್ಲ ,ಬೆಕ್ಕು (ನಾಯಿಯಂತೆ/ ಹುಲಿಯಂತೆ) ಸಾಕು ಪ್ರಾಣಿಯಾಗಿದೆ
ನಮ್ಮ ಊರು ಕಡಿಮೆ ಜನಸಂಖ್ಯೆ ಹೊಂದಿದೆ,ನಮ್ಮ ಊರು ಕಡಿಮೆ ಜನಸಂಖ್ಯೆ ಹೊಂದಿಲ್ಲ ,ನಮ್ಮ ಊರು (ಕಾಡಿನಂತೆ /ನಗರದ ಹಾಗೆ )ಕಡಿಮೆ ಜನಸಂಖ್ಯೆ ಹೊಂದಿದೆ
ಅದರ ಬೇರು ಗಟ್ಟಿಯಾಗಿದೆ,ಅದರ ಬೇರು ಗಟ್ಟಿಯಾಗಿಲ್ಲ ,ಅದರ ಬೇರು( ಮರದ ಬೇರಿ ನಷ್ಟು/ ಗಿಡದ ಬೇರಿನಷ್ಟು) ಗಟ್ಟಿಯಾಗಿದೆ
ಅಲ್ಲಿ ವಾತಾವರಣವು ಶೆಕೆ ಹೊಂದಿದೆ,ಅಲ್ಲಿ ವಾತಾವರಣವು ಶೆಕೆ ಹೊಂದಿಲ್ಲ ,ಅಲ್ಲಿ ವಾತಾವರಣವು (ಮರುಭೂಮಿ ಯಂತೆ/ ಪರ್ವತದಂತೆ )ಶೆಕೆ ಹೊಂದಿದೆ
ಆ ಪಕ್ಷಿಯ ಗಾತ್ರ ಕಡಿಮೆಯಿದೆ,ಆ ಪಕ್ಷಿಯ ಗಾತ್ರ ಕಡಿಮೆಯಿಲ್ಲ ,ಆ ಪಕ್ಷಿಯ ಗಾತ್ರ (ಗುಬ್ಬಚಿಯಷ್ಟು/ ಹದ್ದಿನಷ್ಟು) ಕಡಿಮೆಯಿದೆ
ಆ ವಸ್ತುವಿನ ಬೆಲೆ ಅಗ್ಗ,ಆ ವಸ್ತುವಿನ ಬೆಲೆ ದುಬಾರಿ ,ಆ ವಸ್ತುವಿನ ಬೆಲೆ (ಇತ್ತಾಳೆ ಯಷ್ಟು/ ಚಿನ್ನದಷ್ಟು) ಅಗ್ಗ
ಅವಳ ಕಂಗಳು ಹೊಳೆಯುತ್ತಿದ್ದವು,ಅವಳ ಕಂಗಳು ಹೊಳೆಯುತ್ತಿರಲಿಲ್ಲ ,ಅವಳ ಕಂಗಳು (ನಕ್ಷತ್ರದಂತೆ/ ಕಲ್ಲಿನಂತೆ) ಹೊಳೆಯುತ್ತಿದ್ದವು
ಆ ಸಾಮಾನು ತುಕ್ಕು ಹಿಡಿದಿದೆ,ಆ ಸಾಮಾನು ತುಕ್ಕು ಹಿಡಿದಿಲ್ಲ,ಆ ಸಾಮಾನು  (ಕಬ್ಬಿಣದಂತೆ/ ಚಿನ್ನದಂತೆ) ತುಕ್ಕು ಹಿಡಿದಿದೆ
ಅವನು ಕಾನೂನಾತ್ಮಕವಾಗಿದ್ದನು,ಅವನು ಕಾನೂನಾತ್ಮಕವಾಗಿಲ್ಲ,ಅವನು (ಪೊಲೀಸ್ ನಂತೆ /ಕಳ್ಳ ರಂತೆ )  ಕಾನೂನಾತ್ಮಕವಾಗಿದ್ದನು
ಅಲ್ಲಿ ಹೆಚ್ಚು ಜನ ಸೇರಿದ್ದಾರೆ,ಅಲ್ಲಿ ಹೆಚ್ಚು ಜನ ಸೇರಿಲ್ಲ,ಅಲ್ಲಿ( ಸ್ಟೇಡಿಯಂ ನಲ್ಲಿರುವಶ್ಟು/ ಸಿನಿಮಾ ಹಾಲ್ ನಶ್ಟು) ಹೆಚ್ಚು ಜನ ಸೇರಿದ್ದಾರೆ
ಆ ವಸ್ತು ದುಂಡಾಗಿದೆ,ಆ ವಸ್ತು ದುಂಡಾಗಿಲ್ಲ,ಆ ವಸ್ತು (ಫುಟ್ಬಾಲ್ ನಂತೆ/ ಕ್ರಿಕೆಟ್ ಬ್ಯಾಟ್) ನಂತೆ ದುಂಡಾಗಿದೆ.
ಅವನು ಆಕರ್ಷಕವಾಗಿ ಈಜುತ್ತಾನೆ,ಅವನು ಆಕರ್ಷಕವಾಗಿ ಈಜುವುದಿಲ್ಲ ,ಅವನು (ಡಾಲ್ಫಿನ್ ನಂತೆ /ಕ್ರೊಕೊಡೈಲ್ ನಂತೆ) ಆಕರ್ಷಕವಾಗಿ ಈಜುತ್ತಾನೆ
ಆ ಪ್ರಾಣಿಯು ಹೆಚ್ಚು ಚೇಷ್ಟೆ ಮಾಡುತ್ತದೆ,ಆ ಪ್ರಾಣಿಯು ಹೆಚ್ಚು ಚೇಷ್ಟೆ ಮಾಡುವುದಿಲ್ಲ ,ಆ ಪ್ರಾಣಿಯು (ಕೋತಿಯಂತೆ/ ಸಿಂಹದಂತೆ) ಹೆಚ್ಚು ಚೇಷ್ಟೆ ಮಾಡುತ್ತದೆ
ಈ ವಸ್ತು ಹೆಚ್ಚು ಮೌಲ್ಯ ಹೊಂದಿದೆ,ಈ ವಸ್ತು ಹೆಚ್ಚು ಮೌಲ್ಯ ಹೊಂದಿಲ್ಲ,ಈ ವಸ್ತು (ಡಾಲರ್ ನಷ್ಟು/ ರೂಪಾಯಿ ಯಷ್ಟು )ಹೆಚ್ಚು ಮೌಲ್ಯ ಹೊಂದಿದೆ
ಅವನ ನಗು ನಿಷ್ಕಲ್ಮಶವಾಗಿದೆ.,ಅವನ ನಗು ನಿಷ್ಕಲ್ಮಶವಾಗಿಲ್ಲ, ಅವನ ನಗು (ಮಗುವಿನಷ್ಟು/ ವಯಸ್ಕರರಷ್ಟು )ನಿಷ್ಕಲ್ಮಶವಾಗಿದೆ.
,,
,,